student_id,final_score,grade,pass_fail,previous_score,math_prev_score,science_prev_score,language_prev_score,daily_study_hours,attendance_percentage,homework_completion_rate,sleep_hours,screen_time_hours,physical_activity_minutes,motivation_score,exam_anxiety_score,parent_education_level,study_environment
S0001,60.1372408,D,1,60.59970654,61.48821154,53.56811922,64.97229191,1.427202816,75.7384054,68.53437138,6.809352144,3.31309636,65.0594248,4.150024677,6.10410301,Master,Noisy
S0002,99.0219765,A,1,92.28928685,85.61256506,91.87375899,89.04046072,4.813611518,89.6027363,91.99019719,5.567793478,4.925359308,76.01661716,8.714692902,1.982358076,High School,Quiet
S0003,70.52295492,C,1,80.2596668,82.16065605,72.73606493,74.24366252,1.24090778,81.49542557,69.66966629,6.70287496,5.107888459,113.6168724,5.928219734,4.463661528,High School,Moderate
S0004,63.44853727,D,1,72.92621663,75.97914536,76.72649645,67.71599457,2.19060111,71.47204702,71.97675743,7.854438568,3.772445572,108.6866904,4.224927741,4.740474299,High School,Noisy
S0005,66.48301877,C,1,48.58102522,51.37997746,48.99322399,46.14501062,2.192264805,64.27658206,68.94059101,7.662428899,1.898989067,42.10729431,9.506815241,1.143852388,Master,Quiet
S0006,49.08806059,F,0,48.57969862,53.98360225,41.29194112,46.82009203,2.281605145,61.6243973,71.32014258,7.302930413,3.338791155,45.55106867,4.837853981,5.588056986,Bachelor,Noisy
S0007,48.453234,F,0,43.19459867,47.36420944,41.64855328,39.34461834,1.657147373,59.87697955,70.61607008,6.534113899,5.840362515,62.18764946,7.310675702,1.618657891,Master,Quiet
S0008,84.61357612,B,1,87.63968802,89.93558841,83.87890599,81.1591047,4.132645724,81.94717326,88.40418078,6.769044045,4.764930965,56.16694793,5.644325245,3.571353785,Bachelor,Quiet
S0009,66.45190861,C,1,73.06132565,72.71049709,74.6571982,70.78072151,1.489991448,71.63103495,61.15312603,6.949089078,5.055813019,85.32938578,4.391156813,6.297339161,Master,Moderate
S0010,74.20950958,C,1,78.94399178,70.63918711,85.64624401,79.85112488,3.539626637,69.68530294,84.28858338,7.848448592,1.164127494,111.2498443,4.299534914,5.465957551,Master,Quiet
S0011,42.71595356,F,0,41.13214719,43.28023828,31.75628484,44.10729452,1.495384107,57.22535835,59.0690305,6.841872221,3.339297313,116.6062388,4.693340193,6.895807109,Bachelor,Quiet
S0012,76.54755725,C,1,93.34504187,94.3834803,93.92017226,90.5579266,1.28214255,87.63941819,71.92414504,6.332073845,4.233105668,88.82426573,4.428202083,6.072927193,Master,Quiet
S0013,97.92513076,A,1,85.78434524,87.14223943,84.98368127,83.71935613,4.637718015,76.15128739,93.54520719,6.330464147,5.150163418,105.4343281,8.563348693,1,Master,Moderate
S0014,56.73183819,D,1,51.67865109,45.29490821,55.03535147,47.04515954,1.760515065,65.91773673,71.76323458,7.783154268,1.246368268,77.26819802,6.913397214,3.076397186,High School,Quiet
S0015,55.26931855,D,1,50.0003732,44.59509049,51.06635634,49.84317734,4.285000618,74.50152872,93.8973566,6.263300191,5.262194428,48.74942522,6.057352548,4.006030845,Bachelor,Quiet
S0016,58.3838348,D,1,50.08724804,55.35301231,46.32740138,45.84510487,3.178523484,70.1589068,76.86256459,7.034567936,3.742004684,77.22195709,6.510213461,2.761396226,Bachelor,Quiet
S0017,53.4724835,D,1,56.73332336,56.53554759,55.13805368,59.59896243,1.311426078,76.58436923,63.08448724,7.623604111,1.986569853,79.95743413,9.573680413,1,High School,Noisy
S0018,81.7382446,B,1,68.86160374,72.26910723,64.88147446,59.93227128,4.821792766,76.38644125,102.1379416,7.640706891,2.586276082,96.82118078,9.464510876,1.236879017,Bachelor,Moderate
S0019,61.01061845,D,1,63.75697603,63.89856791,69.13701172,61.95882766,1.987844668,77.71603713,68.93714,7.918503157,2.409647759,49.78946907,8.294058881,2.551214416,High School,Noisy
S0020,84.09498426,B,1,56.01760271,56.16638341,56.12416095,57.52313941,4.438581381,64.3889777,100.3513785,6.942715158,3.654295171,63.14793439,9.308094265,1.295687205,Bachelor,Moderate
S0021,63.3945948,D,1,73.65190921,78.34332824,83.15786264,74.57108179,1.675240023,73.60425327,71.8599772,6.968583198,1.2584284,62.76247223,5.917888166,5.597429929,Bachelor,Moderate
S0022,74.75526749,C,1,47.67216234,45.09193869,47.36885827,61.13733066,4.415771529,50.14038014,98.75228956,7.289643714,1.792680792,116.3495636,6.286655956,3.171570808,Bachelor,Noisy
S0023,57.29205713,D,1,56.06795567,56.54855955,52.52592183,57.81695579,1.052915252,73.9647052,58.23086865,6.502991719,5.063465217,69.95504643,7.682273091,3.991997675,Bachelor,Moderate
S0024,66.16728228,C,1,60.14990138,57.83852494,52.58132942,55.1296284,3.047121826,77.77657059,75.07200602,6.583209636,1.663019954,97.95845706,7.741755684,1.357323198,High School,Moderate
S0025,77.10018688,C,1,65.08384913,62.91136799,56.06815075,64.6065279,4.077770318,69.77603834,87.70976515,8.044237856,2.166981347,97.57302432,6.890199028,2.097115409,High School,Noisy
S0026,84.88824083,B,1,83.18467788,81.63881726,75.26399816,74.30344621,4.73918207,80.32258041,98.3730254,7.091133048,3.266853028,53.89897663,6.403947091,1.836094027,Bachelor,Quiet
S0027,65.141653,C,1,50.98205802,52.09272688,52.31769127,50.57905927,4.636808545,61.72171844,99.09701902,7.114995085,3.585604441,81.46827204,9.91708187,1,Master,Moderate
S0028,80.09388435,B,1,68.28289411,65.889151,70.82651923,64.11761383,4.278499478,76.05471481,81.92713776,7.237347512,4.818052398,110.4872604,8.926741757,1,High School,Noisy
S0029,84.42859398,B,1,72.58280129,78.86158192,64.67684778,77.15975267,4.552765399,81.91606337,95.48708798,6.713929945,3.236662133,72.76779475,6.609881187,3.916056093,Bachelor,Moderate
S0030,55.6521466,D,1,42.5547727,38.08173619,47.02996427,39.80707133,1.796878743,52.56352648,68.75923356,6.802224034,4.949323105,115.0605757,8.363754863,1.880136078,High School,Noisy
S0031,72.65991025,C,1,73.41496685,72.48060863,70.9996616,72.83113728,2.136737183,78.75467608,69.97965055,6.717548478,4.091731535,49.30124064,5.61737016,3.189656469,Master,Quiet
S0032,48.13586232,F,0,49.3788268,47.18017151,50.11279186,46.2010376,2.1558741,63.30605454,78.01511019,7.438306957,1.565498697,36.67431952,4.601015957,5.006257804,Master,Moderate
S0033,62.10276856,D,1,43.57783761,50.81272704,51.63894076,52.27209437,2.508215724,62.35589077,77.19105761,7.079406649,1.781657192,110.2308486,6.114586153,3.513951826,Master,Quiet
S0034,96.66228463,A,1,92.18870455,93.17147843,96.67290113,90.58249072,2.573282682,88.38932228,82.28378636,7.877251019,3.185168627,106.2913078,6.417836801,1.806180952,Bachelor,Quiet
S0035,88.69064945,B,1,93.10976182,98.26898452,91.76710858,102.272547,3.178221299,85.61386872,80.70241038,6.91691589,2.984446965,119.3330888,4.099222747,4.919830526,Bachelor,Noisy
S0036,87.86351889,B,1,84.46185415,77.03405228,80.00589302,88.53261296,1.639519053,81.71299281,71.082578,6.934415719,4.717721348,91.14541393,8.88875201,1,Master,Moderate
S0037,73.22774604,C,1,56.7537573,58.08900863,45.9946803,59.16409094,3.764986655,67.30750281,95.82519852,5.891390597,3.903685699,114.3019134,6.155160414,5.278464605,High School,Moderate
S0038,50.21244326,D,1,45.37196627,49.82012025,41.77619967,47.21563201,1.670266157,67.53756414,73.26112882,7.707794643,2.940665405,104.4254123,7.482508995,2.708941721,High School,Moderate
S0039,65.73426301,C,1,77.63281646,78.0442364,76.57716526,79.60180295,2.241233928,80.91020803,66.95163132,7.969965153,1.853801417,105.99837,4.443779124,6.21838963,Master,Moderate
S0040,63.52666822,D,1,64.20838716,69.53578903,59.27248952,54.57002426,3.013380522,73.20711127,78.86542484,7.408461402,2.134185512,81.22274134,5.049980973,3.45138353,Bachelor,Moderate
S0041,56.69256105,D,1,46.71210292,44.12566067,46.05581808,45.31768595,4.185762246,57.00129285,90.13179893,6.723277239,3.877505092,64.41281381,9.338162352,1.856052131,High School,Noisy
S0042,80.23803272,B,1,67.23473006,74.28146726,67.61898947,71.46051991,3.957876933,71.72446631,92.025042,7.264841795,3.117194024,114.1102265,7.652125167,3.648976896,High School,Moderate
S0043,55.1052809,D,1,41.89136866,53.38585928,40.76708875,41.64688274,3.582137426,65.43903013,89.25314203,8.072004067,3.574637544,68.89054581,9.701704301,1,High School,Quiet
S0044,94.94839897,A,1,90.01262211,88.19842931,86.76260921,82.98667288,1.623093042,85.19479392,62.03646705,6.562365498,1.853387177,78.49374305,9.992500206,1,Bachelor,Quiet
S0045,55.93514965,D,1,54.23289899,52.00538638,55.07617235,53.97087674,3.188181382,70.41410684,82.22100639,7.096654315,4.314531262,70.15028764,6.231160692,4.264604881,Master,Moderate
S0046,77.29556854,C,1,76.43872564,83.70564803,78.64842889,84.95925322,1.349786007,87.05192182,53.39822341,5.965383238,5.262693704,80.83364826,5.792818384,4.851570069,Bachelor,Noisy
S0047,57.80086629,D,1,57.14410918,65.04196991,51.6921138,63.37856776,2.509452707,73.76508494,82.3042521,7.303131542,2.289697534,72.34545711,9.150136331,1,High School,Noisy
S0048,75.86275906,C,1,68.60374116,65.98944103,75.65840306,68.29372112,2.654066121,74.76766227,73.97879001,6.838788602,3.457571129,34.31708027,9.991668562,1,Master,Moderate
S0049,61.50844756,D,1,70.06906536,67.96813128,69.5761247,74.82631175,1.159245758,72.47958683,61.87177728,6.022549878,5.877636645,109.3843367,7.777847405,1.624771534,Bachelor,Quiet
S0050,64.88074886,D,1,50.16699505,48.75807201,50.26124317,48.33445995,2.095952398,52.31574955,69.41127541,7.194904825,2.666208703,69.9954437,8.770844335,1.339573712,Master,Moderate
S0051,100,A,1,93.32715453,86.60490197,96.86822664,84.80779659,4.822597869,85.82165265,103.9561166,6.24034491,3.975231725,83.00492837,8.690475153,2.506703379,High School,Moderate
S0052,75.1054281,C,1,82.63230528,78.03904555,83.79838594,78.00997534,4.814530431,79.68609016,83.95777211,8.079296668,1.450978501,42.52690225,6.132038249,3.096919594,Bachelor,Moderate
S0053,92.58857389,A,1,91.67244179,86.65173795,96.43812496,99.48688563,2.409308217,87.78805186,74.01003046,5.893905741,4.030075012,30.30490632,7.445622282,3.555198216,Master,Noisy
S0054,91.67156551,A,1,89.21550427,85.37651645,90.6511251,87.84553886,1.172400436,83.838226,61.19491057,7.835434596,1.448158867,52.07610843,8.998341648,1,Bachelor,Noisy
S0055,74.19922829,C,1,72.88449883,72.7110744,69.82231196,71.66757894,1.716379757,74.84032412,64.89561564,6.097878921,5.796177177,93.41274289,8.128683258,1.02368953,High School,Quiet
S0056,82.3950179,B,1,90.70308293,91.87415659,92.51060055,89.20389194,2.568871174,76.45454681,84.31984447,6.041043575,4.57831326,38.92750771,4.126982884,6.691611734,Master,Quiet
S0057,60.08733835,D,1,44.86708761,52.61959008,39.14845658,54.38777056,4.791118792,57.73370466,93.47454062,6.618952003,4.940798941,111.7998696,6.020234013,4.901702365,High School,Moderate
S0058,52.44199149,D,1,50.77905743,45.78728723,51.32185596,58.90885201,1.564796254,67.77278392,69.50694343,5.865367915,4.520521804,49.35203124,4.86685418,5.984555757,Master,Quiet
S0059,51.61385376,D,1,42.48750089,47.40911288,42.32135094,53.58140206,4.054063375,69.8232886,92.32189769,6.835263357,3.94864518,48.41342529,5.397833272,3.286369319,High School,Moderate
S0060,70.39357026,C,1,57.89316819,56.82322397,56.85258391,57.09794214,1.434730157,68.45895718,70.65489784,6.313692374,3.249563905,46.33571655,9.432936865,1,High School,Quiet
S0061,65.55002739,C,1,61.37725093,61.12993238,60.73456338,62.85537338,4.92503031,72.32768083,95.91435767,6.643075973,5.291866899,31.25835417,4.221359733,6.601628859,Bachelor,Moderate
S0062,54.7730691,D,1,54.92419675,58.29829421,45.51495152,47.340984,2.526465996,72.22448916,71.59981547,5.802567832,5.784178338,99.46249216,5.318804272,4.722737569,High School,Noisy
S0063,89.89414722,B,1,85.580563,79.9669529,82.83693846,92.96523513,4.100938156,78.73581182,96.48973109,6.725948732,3.495180865,108.7531078,5.857416113,3.06889104,Bachelor,Moderate
S0064,57.30690802,D,1,59.62143297,61.5334817,60.08565747,53.78253521,2.370364331,71.6447867,75.83024985,6.44967212,5.657675246,85.27464324,7.701304432,2.757013507,High School,Noisy
S0065,57.32076415,D,1,55.45139803,56.28365907,56.25067999,56.53527585,3.510675509,64.02324848,77.38206835,6.438729579,3.91666455,46.93799835,7.204610141,2.0805826,High School,Noisy
S0066,61.35362236,D,1,69.84828457,72.31054089,64.70990887,64.36177194,1.768064339,79.24826448,64.98411832,6.86344172,3.691920934,55.67501972,5.309616897,6.484907951,High School,Quiet
S0067,54.35091287,D,1,47.75083237,49.19667559,54.07937158,44.80649824,1.584084077,64.63243143,67.77275404,6.26136065,3.272413665,72.83340276,4.985446403,6.559395059,Master,Quiet
S0068,82.57647646,B,1,84.12083394,96.39733464,79.7899597,79.93452179,4.752256558,83.55267604,101.7113867,7.70150616,2.046438808,115.8911356,5.420788208,5.183309219,Bachelor,Noisy
S0069,60.22029928,D,1,44.1002854,40.91158548,48.94757141,41.0609091,4.670589112,58.13714971,93.30973785,8.576877412,1.018598304,52.26162346,7.01517776,4.345828945,Master,Moderate
S0070,89.12553863,B,1,94.27878151,91.62379674,96.41475332,91.583168,4.549875761,90.67455255,80.92747766,8.733845094,2.207531134,95.84813135,5.627066714,4.437724636,Bachelor,Moderate
S0071,86.33161272,B,1,82.47346231,79.35775968,79.24232576,79.73211834,3.501733801,91.66029576,87.63345394,6.980999316,3.548615858,69.5503401,9.68561501,1.079822485,High School,Quiet
S0072,64.31781355,D,1,50.92936248,48.15197689,59.80591695,55.09603204,4.233072845,60.42512277,86.229125,7.524162142,2.899799761,56.80626135,6.783191329,4.694528967,Master,Moderate
S0073,39.43663683,F,0,40.30371644,37.11678081,34.33553228,34.77940248,1.276147748,58.45306318,52.67478349,6.136959322,3.24242614,71.03243433,4.352776099,5.892722583,Bachelor,Moderate
S0074,80.9768178,B,1,84.85037857,90.79546122,89.44614943,85.9530857,2.339156168,83.58322665,59.22993205,6.980394834,5.903241098,36.40860458,8.375598435,1.369214393,High School,Moderate
S0075,87.89101415,B,1,78.87715391,85.97967515,83.8800655,84.96694967,2.254812499,83.37060802,76.61802929,7.562705696,2.751361853,101.8818634,5.973071729,2.322306313,Bachelor,Noisy
S0076,86.38708134,B,1,80.09539424,77.24166277,76.7422932,77.52941242,3.542581288,77.24996569,86.06890013,6.779758868,3.260914697,51.89717352,7.920933592,1.995932882,Bachelor,Noisy
S0077,74.72658741,C,1,82.41986907,78.2580912,89.38219557,78.83027461,2.423831094,67.04478308,73.11002904,8.118317073,1.667577757,95.28709109,5.677566223,5.145856961,High School,Moderate
S0078,53.56933164,D,1,44.07245585,46.42953363,42.82222327,42.91983272,1.594027127,68.83217539,72.88539308,7.500825363,1.239788662,36.15135343,7.42446245,3.521170977,Master,Quiet
S0079,81.31291555,B,1,59.71561507,56.95449985,61.15908322,65.61424111,3.385868302,73.66033813,87.04530643,6.307873137,4.877047573,115.9588701,8.632915029,1.871450037,High School,Moderate
S0080,70.89459626,C,1,46.37279827,49.53745736,47.67440747,47.34333643,4.257535683,54.47166148,100.656857,7.0816427,3.853415875,47.37134869,9.568052451,1,Master,Quiet
S0081,78.6628511,C,1,87.47068842,88.48530353,86.79914472,84.81461695,2.528493978,80.69750025,68.32126242,6.027265541,4.80352403,109.4467869,5.566762867,2.456415564,Bachelor,Noisy
S0082,70.64205844,C,1,74.28139698,66.7026764,78.33543834,76.70078023,1.52907486,84.98161064,65.11799548,7.986018184,1.749313994,102.8525889,6.009141706,3.495643196,Bachelor,Moderate
S0083,62.24234822,D,1,58.19939137,65.93691737,62.16683497,52.68793062,1.786752789,76.33867778,59.78396102,6.314261937,3.859143856,117.1073932,6.785598522,2.910056607,Bachelor,Moderate
S0084,60.66479366,D,1,43.49570927,52.47509763,34.7530494,46.90250682,1.949933221,66.44105475,68.35242055,6.794508894,2.268212372,73.01015949,9.563049026,1,Master,Quiet
S0085,68.52995192,C,1,57.10402769,54.04008424,63.62572891,59.14706423,2.199590372,67.67145168,70.75282445,6.90306238,2.140309085,95.46575645,9.408321141,1.210235216,High School,Quiet
S0086,67.54222469,C,1,57.88508271,55.94657491,49.57262277,56.34604036,3.571180282,69.35747845,88.84487101,8.062460998,1.05763007,63.36395913,4.539269681,7.44640673,Master,Moderate
S0087,77.60807471,C,1,80.12833981,81.55766676,85.29107083,75.93541082,3.403781938,79.40954088,84.26563879,7.196101234,1.651703618,46.59314142,4.791578955,5.331950247,Bachelor,Moderate
S0088,74.18333614,C,1,75.06566092,76.73794487,80.69918661,70.63225631,3.784319446,83.17402938,90.96023015,6.562099941,2.546340557,69.87683396,6.973055064,2.810213147,Bachelor,Quiet
S0089,82.55266972,B,1,88.79670084,92.08942221,83.34186869,91.47078752,2.450007938,80.01913839,78.01728005,7.221841859,1.584393803,44.91741138,4.639715637,5.10106255,High School,Noisy
S0090,72.29469029,C,1,65.97182088,76.02284358,63.91774944,72.1167234,4.295990608,68.95691217,103.7345495,6.205191154,5.929292202,118.3840161,6.07348524,4.050899527,Master,Quiet
S0091,39.83533076,F,0,46.57768353,45.69294739,41.04916018,43.39114479,1.816350645,68.3402147,66.58702317,6.646564785,2.543163243,38.6621842,4.890312269,4.28139397,Bachelor,Moderate
S0092,78.46444945,C,1,79.2284633,75.23697707,78.15385815,81.52039682,2.87616299,79.39242437,74.0565164,6.928673525,1.651619734,83.02905511,7.816242131,2.303956428,Master,Noisy
S0093,90.2459428,A,1,81.84317767,74.94658153,80.30300625,71.40804258,4.203754886,87.81392561,93.26796694,8.457024698,1.995411564,86.38174697,9.69697259,1,Master,Noisy
S0094,79.81989676,C,1,70.87024587,67.21559567,74.76854853,67.94715721,1.720634591,72.0775619,63.19494577,6.388162456,3.938516142,78.42715886,9.980402622,1,High School,Noisy
S0095,70.4736164,C,1,82.4031949,82.23756003,88.95473863,82.24790023,1.439452455,80.92770565,71.80432839,7.44241353,1.320217619,89.59672971,6.251446795,4.206095139,High School,Noisy
S0096,80.83042775,B,1,67.1587578,76.13154712,74.13717685,62.61034072,4.534735871,68.96731398,93.93126851,6.222730304,5.312170651,40.45626975,7.594075823,2.839671787,Bachelor,Moderate
S0097,83.68664374,B,1,68.75030562,66.16224912,65.93946548,64.06777374,2.371718651,74.41196622,70.88930467,6.047072077,5.807498396,79.95166718,9.137605921,1,High School,Noisy
S0098,63.363266,D,1,63.51475601,64.63369577,62.46864664,60.17585823,3.7354805,64.36464332,84.99822639,7.640552239,2.233737103,55.8491314,4.704772437,5.932097722,Master,Quiet
S0099,46.48021286,F,0,41.39805197,41.31593749,32.98086101,42.85901561,1.101394417,58.26085888,64.60603129,7.498928572,3.250476343,114.6158457,8.137386466,1.191598688,High School,Quiet
S0100,63.12696881,D,1,45.93402848,51.87599485,41.90467815,44.99738339,3.760187554,55.78574492,86.81314062,7.513821108,1.110672255,98.58644881,6.45306197,2.451098867,Master,Quiet
S0101,51.31760839,D,1,41.72860521,54.36326734,46.55286338,30.53744905,2.264405246,64.33391877,69.43571836,6.12069552,4.203551124,117.5263034,5.236876962,3.65867121,Bachelor,Moderate
S0102,76.83225634,C,1,75.00257262,72.34822875,83.08048674,64.39907186,1.222963414,81.08423301,70.55639373,7.716331027,3.06963029,33.38004628,6.416521712,4.017019898,Master,Noisy
S0103,56.33643209,D,1,57.28957896,54.84238175,51.1178346,54.25525307,3.439251046,59.99347583,80.11166126,7.247241755,2.350292331,55.66198577,4.455761722,5.321663351,High School,Quiet
S0104,77.7902017,C,1,67.97138801,73.1921924,65.00906672,70.25982094,1.963215264,80.65512273,69.80998301,8.254905242,2.034185553,47.5880328,8.172442892,1,High School,Quiet
S0105,87.11059859,B,1,89.91615607,93.32561351,89.78412728,76.17863185,2.547228968,97.44515367,78.73382044,5.596172435,4.270115388,31.00391286,5.516456012,4.961581803,Bachelor,Quiet
S0106,53.79069615,D,1,53.7110726,62.94460923,55.1118784,51.21242172,1.322323249,67.08556824,55.06655694,7.173376064,3.081085155,51.80931572,5.86843387,2.691957999,High School,Noisy
S0107,57.14625533,D,1,62.57106077,65.49070169,58.52304317,59.93982148,1.588653004,68.07995908,68.28783255,8.389814233,1.898296445,91.08983852,4.726487789,5.413333569,Bachelor,Quiet
S0108,85.27993955,B,1,81.55531262,79.75885217,83.67561784,88.49700151,2.191908942,94.89930926,66.64355104,6.48970431,4.445545407,50.79800299,9.187954683,1.050544242,Bachelor,Noisy
S0109,46.73980598,F,0,52.5838991,55.53717326,50.21470237,50.65879004,1.359038002,59.69710706,67.70429393,6.739644864,3.825361415,75.81031009,6.960665676,3.924911406,High School,Noisy
S0110,57.17335083,D,1,44.23389504,49.77741294,44.16163369,46.14883996,4.643305059,62.21747985,91.61979553,6.559747763,5.293360275,109.9036303,7.432881267,4.34880352,Master,Noisy
S0111,68.80641685,C,1,55.93632991,60.03874082,58.66775115,56.64261561,1.024188173,68.86627632,63.70572689,7.244388242,1.587379494,92.43821283,7.416596099,1.218727576,Bachelor,Moderate
S0112,61.35910999,D,1,48.8671708,51.40354095,48.89928215,38.2143384,2.935440875,71.1593235,84.88357409,6.365464131,4.92833301,65.51661629,6.462958687,3.484567457,Master,Moderate
S0113,78.25803333,C,1,91.13337088,96.46674433,88.95144143,94.97440696,1.492989833,87.36538032,69.23708095,6.520817273,4.367583934,63.5222045,5.155179493,4.568485212,High School,Noisy
S0114,86.88817021,B,1,84.44662088,90.29309883,83.89857186,85.5236034,2.230716358,79.73014096,73.56374682,7.213773228,1.575054684,71.01622326,8.470796491,1.962953195,Master,Noisy
S0115,82.2813484,B,1,74.83720661,81.74800156,74.39539181,77.37854981,4.704238239,72.66268145,95.88587768,7.27219718,4.474103649,45.9337297,4.762337592,5.453331179,Master,Moderate
S0116,81.00439445,B,1,87.93033246,91.1738819,86.08027731,107.561521,1.646778213,82.25605713,63.58568425,7.268218083,3.207736444,87.06006907,4.623242742,5.024211016,Master,Moderate
S0117,96.62189026,A,1,84.20196423,83.36637383,82.90798392,73.78139953,4.863329279,77.06634531,105.9884662,6.407836938,5.724923928,62.77375372,8.260870226,1.298227586,Master,Noisy
S0118,57.22453344,D,1,50.26135324,50.99492167,58.25458909,58.88483649,1.823177508,65.36980322,64.73429898,7.891868478,1.708056753,106.7128814,5.253022123,3.630527022,High School,Moderate
S0119,88.67441448,B,1,89.09074492,95.12328975,91.89534216,87.65350732,3.966264434,81.72439156,84.47731397,6.603571997,4.214166954,98.08973941,5.840636508,5.147225074,High School,Quiet
S0120,71.41335172,C,1,69.66382331,65.57914495,68.18642172,71.10046783,3.18670906,67.36172269,85.19393527,6.739928023,2.909900227,84.94618477,6.851364802,3.60783938,Master,Noisy
S0121,82.26268576,B,1,84.40920853,86.25257508,87.89398056,84.18164731,4.53791491,88.48033321,91.39846509,5.963465842,5.784073353,62.77820004,6.6961079,4.221660297,High School,Noisy
S0122,94.76306106,A,1,89.2850215,87.31832743,87.61592405,87.16383983,3.215973022,82.15414813,77.40941273,7.205929178,2.649874476,48.89386485,8.25147475,1.438129113,High School,Moderate
S0123,64.61009182,D,1,57.49019112,57.63391524,63.35581431,54.64102648,3.138236877,62.40441154,74.16434746,5.727115282,5.810929547,99.85366777,7.740590761,1.602573771,Bachelor,Quiet
S0124,46.68398797,F,0,46.05285585,52.44511516,47.90106681,47.70039953,1.781832001,62.18513225,65.40377082,6.097640715,5.507429256,73.77681891,7.866376974,1.05530796,High School,Moderate
S0125,55.53284017,D,1,52.53643394,53.49192928,51.99992322,44.95056546,1.664917448,66.6100748,66.23559936,7.036366826,2.351916177,50.22750344,8.284325984,2.0745916,Master,Quiet
S0126,75.68728909,C,1,63.49092837,63.72311112,65.729513,67.24382421,4.665956604,63.01313056,97.87502468,7.55696545,5.017708884,47.56571535,5.755676365,3.204530411,High School,Quiet
S0127,65.31845427,C,1,84.99081213,78.19153142,77.13643137,82.9098401,2.311352795,84.1536444,77.87005918,4.819686227,5.978021009,44.88608141,5.933999871,5.914663198,High School,Noisy
S0128,80.06186963,B,1,87.34018208,91.07144991,81.70634473,81.68983538,2.48832902,78.4343032,77.51777982,7.231195636,2.263315011,99.94450766,6.627986487,2.064370932,High School,Quiet
S0129,52.74870776,D,1,40.38236718,43.60978808,34.41274215,38.13230289,4.039294634,68.74632764,89.43858524,7.907681142,3.183885847,50.60884668,5.844773038,4.428887081,High School,Noisy
S0130,84.96601778,B,1,68.09110164,78.90737526,68.80581712,74.37684773,2.35529393,76.66535338,72.56196092,6.980651127,3.600903683,77.39780372,9.909627214,1.657227493,Bachelor,Quiet
S0131,85.63105007,B,1,62.95760517,61.418714,71.62018017,60.28092974,4.808249787,69.47930264,100.6332852,7.634312033,2.474655679,70.63917249,8.884311559,1.714778201,Master,Noisy
S0132,69.76284804,C,1,52.21592958,53.31168121,63.37243031,54.00819767,3.951711076,62.38212594,95.87996157,7.727015898,1.076324198,82.16498093,4.98792813,5.187745583,Master,Quiet
S0133,53.45086729,D,1,46.5925952,47.83951362,49.78285071,42.93781382,3.38971697,62.77145906,84.5287407,7.036139443,2.100646221,108.943941,4.033564935,4.997951418,High School,Moderate
S0134,67.32032297,C,1,58.56883443,66.45610083,61.0730568,62.35844368,4.523580642,72.34837092,92.89015215,6.156136706,2.409684422,108.0972651,4.256699609,4.361531202,High School,Quiet
S0135,81.54996507,B,1,91.86003372,91.38355605,82.85474504,95.28757241,1.198423633,85.80254621,57.01990633,7.137328292,3.217998507,70.59684646,5.464380706,5.305669403,Bachelor,Moderate
S0136,50.02766609,D,1,57.77616126,59.17126889,55.06279226,67.01920543,2.028250769,67.80228659,63.05648137,7.05554298,1.855512392,31.38296257,4.685747715,6.820399526,High School,Quiet
S0137,67.59685519,C,1,68.5334842,71.57296674,64.59456544,67.65566447,2.860145337,74.55859355,81.93280173,5.989950762,5.366271783,68.37994251,7.200028689,2.36112132,Bachelor,Quiet
S0138,74.79090038,C,1,78.66604274,79.59908836,75.56180475,82.00931676,1.907914158,76.31372671,71.9690342,6.393139673,4.524555664,84.55741837,9.147971336,1,Master,Noisy
S0139,80.32854459,B,1,59.99962813,57.76746006,59.15890904,60.48996583,3.975620749,68.28378443,92.64302512,8.444629987,1.426002388,80.19882832,8.420501325,1,Master,Quiet
S0140,88.25358665,B,1,93.44801455,94.41846451,91.08756166,99.92737346,4.676832124,76.29504508,96.12502401,7.927280094,4.250462256,88.62024952,5.293654378,3.725580778,Bachelor,Quiet
S0141,93.22570323,A,1,92.93460122,98.30275997,83.03810217,89.34043928,2.69508048,91.33593177,83.98547853,6.828119254,4.268282382,43.86681592,6.395795536,3.490547621,Master,Quiet
S0142,56.81466186,D,1,53.84802627,48.71544977,57.58757755,57.57305283,2.3685304,68.41800204,71.26471153,6.033284628,5.781105868,88.18815889,7.047365257,4.551757984,High School,Moderate
S0143,89.14064949,B,1,67.34866782,68.01351619,61.9849527,66.37518134,4.846202929,69.80705469,103.2383755,7.106855484,1.015104357,46.43864569,8.861235097,1.811898595,High School,Noisy
S0144,62.9274733,D,1,56.54830704,53.04770297,57.74454136,56.22736615,2.779409731,77.76782843,77.60038284,7.562371406,2.239662249,97.54715826,9.034729619,1.270355786,Bachelor,Noisy
S0145,66.02094289,C,1,55.66622719,61.64146034,66.03664054,56.12498961,2.956193602,68.268196,76.52018219,7.199765581,5.638957397,60.51788519,9.458309871,1,Master,Quiet
S0146,50.12548952,D,1,42.0287821,34.41284758,37.43185915,43.28998409,2.406599489,55.83367319,77.02864643,6.178128933,5.660669577,93.890589,7.055471503,2.36136278,Master,Quiet
S0147,79.58856301,C,1,73.52603837,70.73142913,60.87460076,72.94489315,4.638193892,81.04670629,98.43011951,5.429622351,4.602932097,34.3079039,8.165648479,3.239999119,Bachelor,Moderate
S0148,53.9834448,D,1,67.64734628,69.53340565,66.21732517,68.72091219,3.275821933,75.81391422,84.54308313,6.886379854,4.828816605,66.7074023,4.670802227,5.529936313,Bachelor,Quiet
S0149,57.83693515,D,1,42.83133132,50.65895146,48.33612949,50.72192161,4.048698349,63.38856559,90.8933756,8.055475419,1.45741479,93.453107,7.39173376,1,Master,Noisy
S0150,60.36683007,D,1,55.32555553,54.99680423,65.1172928,60.25280396,4.247226873,65.53399974,92.28280333,6.136263428,3.569379174,50.41834647,5.492150857,3.834309495,Bachelor,Noisy
S0151,82.23210666,B,1,89.95462373,87.17862609,83.80687576,94.30039669,2.367396168,87.22979048,85.61582164,7.440867605,2.157914956,101.575834,6.59030131,2.551482658,High School,Moderate
S0152,69.48274275,C,1,53.17590399,62.58168933,55.6594001,50.89820636,2.734777325,65.27916054,83.26905648,7.653785943,1.906090218,86.77017598,7.80430305,1.649432941,Master,Moderate
S0153,56.93614849,D,1,47.96921797,40.72914846,45.64266568,43.52301382,4.393887098,66.76431624,97.55300545,6.4479914,5.051516496,82.88055949,5.541915627,5.020995033,Bachelor,Noisy
S0154,62.14898585,D,1,66.91990182,55.92587203,66.39016004,71.69640461,2.453021407,63.93522864,75.08920986,7.102057335,1.675190683,61.81939688,4.313110347,5.579444771,Bachelor,Moderate
S0155,100,A,1,94.21077498,96.41084723,107.4324917,98.59100894,4.175740534,84.93602017,96.79319134,7.504991156,3.343258185,73.42063233,4.061403138,5.861731455,Bachelor,Quiet
S0156,63.3979818,D,1,53.31303993,50.80276881,45.79818829,60.67639331,4.76396929,75.26729546,100.2296668,6.090442768,5.692891198,83.76143709,4.132957213,7.180515948,Master,Quiet
S0157,77.58204722,C,1,76.96745511,71.86129102,78.23615341,73.94755198,3.492841492,74.64839028,85.05943869,6.678658835,1.929160278,72.52159025,4.050098425,5.253440485,High School,Moderate
S0158,70.1318871,C,1,81.88907884,85.43086108,84.2275447,80.74133557,3.96650915,77.92534793,88.14726987,5.208272622,5.889967119,92.84819915,4.662130339,7.202069187,High School,Noisy
S0159,60.7129289,D,1,53.07006492,54.28906849,58.49899654,44.87264411,4.220389248,64.29522577,91.79930579,6.838992781,5.971439929,69.03272398,5.436932287,3.891760121,Master,Moderate
S0160,80.02924038,B,1,80.05189917,77.23150602,80.54181494,78.08954364,4.380158596,73.95191891,77.94945728,7.174906256,3.778085773,48.20458636,5.327329085,4.761869112,Bachelor,Noisy
S0161,68.18033186,C,1,60.2280723,53.82655031,61.768325,65.21092485,2.580213351,59.07263227,76.85513771,7.488772663,1.850713701,49.25404045,9.920779565,1,Master,Moderate
S0162,76.80222997,C,1,74.77682068,79.13910732,72.81857785,72.44434379,1.205053837,76.23547835,59.60815797,7.00570535,2.58052444,30.5223392,5.836036631,4.287382502,Master,Moderate
S0163,72.31609363,C,1,74.84413409,78.09513998,76.1897688,78.04653307,2.607505085,78.10136417,84.03840084,6.798761544,3.122464163,57.0861944,4.7645247,5.680067295,Bachelor,Moderate
S0164,70.03822427,C,1,69.46760762,68.97172831,67.75164625,68.51509209,3.695024919,74.47127847,87.04696955,6.698145339,2.546621122,97.40258764,7.273375265,3.160459975,Master,Quiet
S0165,56.76264841,D,1,44.96593735,54.19912233,48.0737968,46.58622249,2.801401543,61.75857587,72.06919833,7.063318808,2.403177899,101.4746438,9.147744732,1,High School,Quiet
S0166,100,A,1,85.94163726,80.59121343,84.09358558,80.20318031,3.995852603,83.18602298,89.70912526,5.181611829,5.861148546,48.22207879,8.068362261,1,Master,Noisy
S0167,54.05580167,D,1,57.64290357,50.01527772,59.52840554,58.06895082,2.427929718,73.93565914,69.04869175,7.101920932,1.766824137,116.3139597,5.776492535,6.726679256,Bachelor,Moderate
S0168,49.24502975,F,0,50.25851807,46.79897772,50.112204,35.30283822,3.538976564,64.17702811,87.75680272,6.444539379,4.666639544,75.21625141,7.369696959,2.146318702,Master,Quiet
S0169,49.52821248,F,0,42.24263279,42.0147027,47.87288404,41.30815199,1.745679219,58.25090351,68.91152902,8.004324589,1.002051447,112.5280874,8.289135845,2.410076593,High School,Moderate
S0170,73.77419789,C,1,72.49911188,73.71580912,72.24214326,64.34674566,3.997477747,74.84392851,94.76397562,6.785762764,3.980913347,93.60887537,8.368626954,1,Master,Noisy
S0171,84.73893236,B,1,77.2660399,76.05985961,68.40087756,83.29601248,3.182783875,81.52975375,77.87342979,6.723547051,5.57971502,95.01900807,7.999230732,1.721156548,Master,Quiet
S0172,45.5315642,F,0,40.91233059,42.67260757,47.22193809,44.79936735,1.816257554,67.51629969,68.33261602,7.942666411,2.43967047,37.65392592,9.224862549,1,Master,Noisy
S0173,65.10576168,C,1,68.16511821,61.90742109,63.6364567,70.49847312,2.167644694,70.94184041,64.85133796,7.950796084,1.927629876,49.79920142,9.22063275,1.25218232,Master,Quiet
S0174,68.75638193,C,1,52.45726764,59.67609066,49.18843594,60.06229877,3.994434834,66.72330275,93.45182225,6.957735231,4.258398974,30.793335,7.473619356,1,Bachelor,Moderate
S0175,80.55096031,B,1,75.48450347,75.07374758,72.506197,70.73992087,2.930404943,79.43403895,81.89840533,6.637029229,4.563007036,94.45148764,6.579138215,3.587002398,High School,Noisy
S0176,59.57995923,D,1,49.5901536,55.17663275,56.46234406,58.32696958,1.864125762,59.83218676,71.12028272,6.177560217,4.440152595,60.99944596,7.849421773,1.000836771,High School,Quiet
S0177,84.61640962,B,1,78.0015756,79.71520233,67.32320453,82.66253342,4.869084761,79.10287363,98.69894277,7.590996706,2.5965844,100.7987264,8.909272008,1.415073703,High School,Quiet
S0178,67.44363874,C,1,61.27044405,63.55421014,76.95918671,60.08766761,3.860500079,63.30685274,90.67886525,8.161570088,2.261012011,60.50425979,4.033912629,4.929758174,Master,Moderate
S0179,100,A,1,91.52014938,94.36898578,96.80043343,97.19825012,4.82853933,76.91482317,106.3070888,6.43717482,5.779594,103.7400377,9.951982054,1,High School,Noisy
S0180,55.40219757,D,1,47.56365193,49.80219473,48.6798465,42.03218437,2.708420181,65.615558,75.65873053,7.273680312,5.616497541,41.76284284,5.097362634,4.629009756,Bachelor,Noisy
S0181,70.30487879,C,1,58.75864931,61.97226311,58.4841793,54.6360785,2.900401363,67.45995095,79.69723955,6.251239231,3.286583049,45.60358411,6.821493914,2.126176616,Master,Noisy
S0182,64.77696307,D,1,46.24104367,52.88680632,47.66881404,43.19809505,4.591820865,64.13192387,90.48757715,5.853627508,5.230969331,60.67888856,9.232178409,1,Master,Moderate
S0183,90.65451251,A,1,90.85814901,91.84075485,93.46376115,88.21326047,3.100197361,85.33959962,76.6606688,7.449115537,3.261617388,66.763865,5.350242394,3.456381837,High School,Quiet
S0184,93.93322196,A,1,88.25366444,91.79868322,91.47974237,82.97087622,3.829115648,79.24483197,88.78022294,7.195561578,3.12194509,61.38325298,6.860771343,1.306058205,Master,Quiet
S0185,60.81109662,D,1,54.18678952,53.73811105,56.96481185,60.30220486,2.00869151,66.86712325,75.60658283,8.121746667,1.783814738,98.72823293,4.795493081,6.222463971,Master,Noisy
S0186,82.04089018,B,1,76.29912253,83.49970861,76.74702594,75.00485053,2.786905875,71.98405474,76.58765463,7.052655095,3.132030282,38.72562534,6.370457952,2.333493355,High School,Quiet
S0187,77.58324981,C,1,84.94722101,81.5652595,83.96052891,86.70974585,1.493799463,89.4284723,63.75841199,6.459886881,3.687084693,61.60953177,5.062812729,4.758506384,Bachelor,Noisy
S0188,75.5173903,C,1,70.53604464,79.5407468,69.77967822,67.68428781,1.823920144,68.48817059,66.20477521,7.559446888,1.112521637,105.3516,6.181766493,4.571124589,Bachelor,Moderate
S0189,63.55012771,D,1,69.13078181,68.92999206,68.15624041,60.02776531,1.003773661,73.58646455,57.36395326,6.267488507,3.220565026,36.01173695,6.240785301,3.144270597,High School,Moderate
S0190,54.7481178,D,1,53.301876,46.14800049,58.97072648,54.65216279,1.157060207,61.43958006,63.04545934,5.963670336,4.906781092,114.8109157,9.959024738,1,Bachelor,Moderate
S0191,68.23528301,C,1,45.12065223,45.7611743,48.08843584,35.55937735,4.909135293,65.41243198,91.6050647,7.166152914,4.400230282,118.7685158,9.968878176,1,Bachelor,Noisy
S0192,72.59273688,C,1,89.34686669,85.9416084,74.64492351,89.00369646,1.969414781,83.01627649,76.09884569,7.183658224,4.175784944,37.97113564,4.688717672,6.429216151,Bachelor,Quiet
S0193,96.77213706,A,1,89.52299314,93.72621089,92.80249703,82.68141795,3.653242838,82.16816297,83.20531689,6.517169,5.547777142,56.214527,8.355812676,1,Master,Moderate
S0194,78.5673399,C,1,74.82058015,71.55746025,75.79426112,84.75696015,4.356398795,81.6762978,97.17350538,6.812413225,1.090160049,63.51605994,4.310472878,5.53937929,Master,Noisy
S0195,62.06885507,D,1,58.64663851,56.41572134,58.55309473,63.20345212,3.202641837,69.47047221,75.67642538,6.685226833,3.785237931,99.87522318,4.181152092,4.086353313,Master,Noisy
S0196,47.18006366,F,0,59.2065266,49.75882295,57.26393434,59.73529556,1.612578,72.18648553,69.46998066,5.906476783,4.936744242,83.63341309,4.632003365,4.974795631,Bachelor,Moderate
S0197,93.7455912,A,1,79.92756234,77.66603074,85.54812594,86.24609573,3.912465749,75.05715149,92.48438053,7.476263553,3.706676914,87.99291304,9.792913942,1,Master,Moderate
S0198,87.04823425,B,1,89.3410643,77.22166766,94.07869661,85.10948441,3.40100564,77.64644743,85.93106676,6.922295604,2.619477763,98.17588405,9.645181287,1,Bachelor,Moderate
S0199,90.60669687,A,1,88.78975333,80.87023922,84.925365,91.50715023,3.925002357,84.93091648,84.27788096,6.952750297,1.681252825,40.61810995,5.163566922,4.379441244,High School,Quiet
S0200,88.53401623,B,1,82.89315502,86.6952283,84.92841646,83.89220719,4.078986491,79.85234573,92.03760586,6.383553475,5.437815359,104.9888511,4.970034013,3.621739218,Bachelor,Quiet
S0201,82.15163278,B,1,75.31174054,79.24074133,70.45345687,76.63184095,4.901641471,80.78804363,93.10113378,6.673779183,3.353811962,93.50578238,5.443210519,4.633868092,Master,Noisy
S0202,54.59902292,D,1,44.62769807,46.75498588,37.72960725,50.98946558,3.29425312,61.91430677,81.67871493,7.12469916,5.390575985,81.96075527,7.093281964,3.962412284,Bachelor,Moderate
S0203,56.05144623,D,1,48.88957928,44.05469856,45.75599315,52.55203979,2.366564451,65.47016633,78.81271001,6.453816368,3.929260612,110.0761801,7.418227792,1.484628338,Master,Moderate
S0204,83.9306938,B,1,89.42048037,89.18192359,93.73244773,90.86409868,3.593858228,76.59332753,89.92209191,5.989097695,4.370960583,93.02757185,5.329560583,4.047767651,Master,Quiet
S0205,73.14920648,C,1,73.35359828,73.33558559,78.11922351,65.0791611,1.273762837,86.11898384,62.81354308,5.417151511,5.021305772,48.15299664,8.539736729,1.962809518,High School,Moderate
S0206,60.48193619,D,1,40.50583784,34.71401439,43.07126494,35.70560636,4.589589273,59.43170899,91.02185985,6.695873432,4.295777723,68.6770843,5.857319016,5.354771703,High School,Noisy
S0207,59.12365026,D,1,45.58093486,53.09792637,49.20641379,44.96739019,1.477524045,66.27840228,68.00317901,6.821952682,2.990274203,74.46385802,9.532787953,1,Master,Moderate
S0208,72.76658089,C,1,76.4925973,80.87940875,79.07348874,76.95945917,2.311371352,74.0658403,73.2106197,6.215097621,3.56816692,34.96958641,7.940336239,1.890879024,Bachelor,Quiet
S0209,42.6681567,F,0,40.27838711,39.17356624,37.07097914,34.62736849,4.262981523,61.67924307,81.02823723,7.090044944,5.015227623,115.9173762,6.618107166,3.665023656,High School,Noisy
S0210,58.0751122,D,1,48.84444283,48.97887202,51.00405555,60.90282621,3.389249513,57.9079976,87.80564426,7.473147129,2.868251482,41.57195347,8.73947201,1.158471599,High School,Noisy
S0211,77.16355279,C,1,70.18035842,71.22227245,74.18240604,77.76232869,2.574542081,77.3505184,75.62425664,7.103708875,2.940607284,92.77151405,8.907487756,1,Master,Moderate
S0212,82.27603483,B,1,78.05423587,67.84556153,81.82569252,81.06482748,2.893742638,77.24724751,84.94968261,8.238627948,1.47845058,75.56079325,5.742889634,4.758200376,Bachelor,Noisy
S0213,72.59566897,C,1,75.85786927,74.62198236,81.80243613,76.21805358,4.418189573,78.07488716,88.70554313,6.659391364,5.572922176,32.30690249,6.038287263,5.481049088,High School,Moderate
S0214,70.5879802,C,1,52.33481202,48.92489078,55.87633126,51.27376717,2.360017544,69.65727616,57.71665638,7.152017577,1.455181575,113.2272728,9.615730922,1,High School,Moderate
S0215,80.83287003,B,1,79.16985717,74.16175712,80.92709821,74.41026487,4.478598739,73.42222703,96.18140668,6.208076152,4.241045887,106.6653128,4.98844623,3.980447717,Bachelor,Quiet
S0216,51.87633654,D,1,53.04869981,51.64319835,58.399451,53.4361024,1.352537724,63.10189125,64.98319562,7.489199054,3.065972394,77.18321351,4.252902502,5.233970252,High School,Noisy
S0217,69.5385546,C,1,57.8969834,66.88541603,57.7643771,59.1857461,4.107193749,71.2351131,82.61857935,7.289754393,3.028096951,50.60481025,6.724331936,5.045581132,Bachelor,Moderate
S0218,93.01033215,A,1,81.05702728,84.26124159,76.64765403,74.8482244,4.390190532,91.01962101,89.00940759,6.765546129,4.397759183,40.94606016,8.807259401,2.102703139,Master,Moderate
S0219,76.4547942,C,1,75.72980945,72.8739145,74.91447463,77.40069153,1.727270611,77.17449305,81.04879483,7.1761105,1.335468663,62.70532315,8.630008638,2.010017981,High School,Moderate
S0220,78.68578276,C,1,86.70728758,89.57020148,82.98277435,85.93099233,2.721386129,86.30932438,75.68580822,7.113415109,3.968528915,52.98854529,9.517183773,1,Master,Noisy
S0221,71.25402549,C,1,76.16870908,83.16548626,72.7928177,66.62967129,1.661999099,77.54949719,70.27478587,6.164202879,4.86015893,75.60220809,7.199203986,2.139658902,Bachelor,Noisy
S0222,67.34254879,C,1,71.25697318,75.8801416,70.53437983,66.95504813,3.826416516,85.33971457,85.01086602,6.406687536,5.141063789,116.9768367,4.600388029,5.19904079,Master,Noisy
S0223,56.69797356,D,1,45.15211223,45.45026408,41.19001263,43.08408456,3.141391072,53.83994778,70.96239623,8.167676489,1.852651947,81.74581439,7.532133846,2.389943418,Master,Moderate
S0224,72.0971088,C,1,60.22436917,56.98968528,58.68456152,69.66280745,3.541293387,70.58528981,84.56164263,6.023454307,5.48709525,110.093795,8.670373686,1.87920063,Master,Noisy
S0225,47.04370527,F,0,54.58613022,58.07724679,45.11805689,57.36889585,1.785947868,59.16534494,66.53145588,5.929286234,4.280730459,88.57909537,4.559968722,6.948950173,Bachelor,Moderate
S0226,57.3179045,D,1,53.41943039,55.38685731,54.48589892,46.74202254,1.846983448,54.17685734,66.47044329,5.850944203,5.409274004,72.77218739,5.035944407,6.08239373,Bachelor,Noisy
S0227,77.24276937,C,1,93.51558051,97.99154661,93.52160789,95.94576196,1.165989302,88.24510052,61.08668884,7.469228338,3.426403586,106.9146806,4.073743967,4.506871677,Bachelor,Noisy
S0228,53.89737386,D,1,61.62037486,64.79623387,57.5349317,53.88385491,2.288270141,71.50767641,74.20404277,7.014315551,3.710166725,72.42312992,7.561915477,2.662079492,Bachelor,Moderate
S0229,95.1177195,A,1,89.06256053,94.31032411,92.35878888,94.4760158,3.238978645,83.10709558,81.6392017,6.257003895,5.595191385,108.1765353,9.320406352,1.416356993,Bachelor,Noisy
S0230,88.63678632,B,1,74.71262443,72.03644837,79.40047512,72.35700117,4.431739656,76.82534176,87.99736572,6.095588782,5.499547717,56.24190926,8.023979896,2.594880434,High School,Moderate
S0231,96.04626855,A,1,83.71462169,90.30159202,75.67682237,83.24644075,3.66770979,97.34880802,89.10802186,7.270438644,3.240804367,41.59317664,9.892240526,1,High School,Noisy
S0232,59.06731545,D,1,67.64504012,68.63303814,63.83141623,74.27402336,2.741585294,72.53164437,67.66899416,6.863828627,2.372063158,106.9783018,4.378201915,8.535907301,High School,Noisy
S0233,89.11795235,B,1,71.72971365,82.10601802,67.88400191,65.29389581,4.812480458,78.41547863,87.87301729,7.263077132,2.965852173,82.86736474,9.418006511,1,Master,Noisy
S0234,87.23843622,B,1,67.08847316,63.64253407,62.38895765,60.10288223,3.876980802,70.29741248,92.4657105,6.752726223,2.938821643,110.0183158,8.884409724,1,Master,Noisy
S0235,61.09307928,D,1,50.73836433,59.41818334,54.88573854,47.8203677,4.720660811,66.84534504,99.74170948,6.820869995,2.434334375,114.4044486,5.885449123,4.348145958,Bachelor,Quiet
S0236,87.24685623,B,1,79.73486634,80.72442026,78.76573565,84.92676059,3.110351893,78.67626479,80.81654211,6.978386876,2.342898022,34.82655513,9.841159311,2.275643744,Bachelor,Moderate
S0237,56.9958239,D,1,55.44247993,52.18538992,54.11990573,47.84574956,2.035617099,65.66864755,63.37892847,6.220701872,5.305314682,75.08723717,5.727626489,3.43617866,High School,Quiet
S0238,50.30417246,D,1,41.33737815,38.91794898,31.31806633,27.17660016,1.211306745,69.76318174,58.57351275,7.570792201,1.349309603,63.74680942,9.335828343,1,Bachelor,Noisy
S0239,84.26092707,B,1,75.50097627,73.89923973,78.67806643,73.24518198,3.904339406,83.63641295,87.72966032,6.801311124,4.38805591,86.32725574,9.284491462,1.792802211,Master,Noisy
S0240,54.71935031,D,1,49.74108737,51.8619171,43.54479539,52.49979137,1.485211992,65.55427692,56.87265008,5.596587277,1.864100257,101.4232077,8.5459457,1.436192145,Bachelor,Moderate
S0241,87.07313436,B,1,91.72522214,94.33939958,92.02488529,97.72653089,2.211100513,74.34155139,68.41586184,6.779415881,2.722529467,55.25311944,7.380822843,2.284573303,High School,Moderate
S0242,88.16110048,B,1,92.46607174,89.59757172,93.85295642,90.15026492,3.129883632,84.42798975,84.56048801,7.41190046,1.307715171,80.11185459,4.720016498,5.845616404,Bachelor,Moderate
S0243,95.68240017,A,1,90.31754146,90.1957685,97.12083444,88.26040843,3.257666351,98.67390855,89.71319033,8.047570564,2.349868184,93.78557219,7.191830407,3.080687583,Master,Moderate
S0244,75.81584536,C,1,60.35872851,71.07008031,53.81462652,66.12823219,3.402332788,69.02605592,81.92615412,6.007367089,4.842105356,42.09879746,6.140777534,4.889661252,High School,Noisy
S0245,40.07026183,F,0,40.85011391,49.48782976,25.75255313,31.50140541,1.665021321,65.94114481,70.43265499,6.453875322,5.425076623,103.2660215,8.753302199,2.53816669,Bachelor,Moderate
S0246,100,A,1,91.05752094,93.23913929,91.97676867,89.11491707,2.518949619,92.73847248,65.61919584,8.115224427,2.10763576,84.54986399,8.548775239,1.758227821,Master,Quiet
S0247,77.40959918,C,1,63.55012816,63.74014555,72.55268407,64.50224761,3.468776908,72.86988366,87.98502529,6.348193976,3.317739196,115.4583693,9.463675044,1,High School,Moderate
S0248,89.83400119,B,1,93.16601505,93.76617168,99.36074681,95.41210865,4.879275459,82.37389936,94.77301251,7.191501541,3.35162024,60.55760272,4.088980975,6.125130008,High School,Moderate
S0249,100,A,1,92.99909874,96.0666886,94.04739582,90.45006527,3.910524551,74.32298771,90.64197359,5.988501124,5.367876529,39.73313481,8.854619301,1.634511256,Master,Quiet
S0250,100,A,1,86.91552005,81.80155722,84.45733912,87.08772511,4.690415028,86.87857607,95.66538819,6.30348455,4.813995264,75.58510809,9.630772319,1,Bachelor,Quiet
S0251,76.86099292,C,1,56.19468906,54.90780638,60.23030205,43.7530523,4.048848233,64.02356452,97.09055238,6.528828755,3.565386092,37.72296945,8.735802695,1.263588823,Bachelor,Quiet
S0252,64.72010824,D,1,61.18037507,52.8374547,56.31264407,57.88913301,3.366867876,71.4709398,79.29650051,6.327950545,4.353736002,117.2573871,4.781166759,6.415460362,Bachelor,Quiet
S0253,72.65425166,C,1,86.81251693,88.80863255,89.19430578,89.0800605,1.768093477,77.15715677,70.81896625,7.789923493,5.23677527,33.48164624,4.487674629,7.028441551,High School,Moderate
S0254,69.82150971,C,1,57.43071028,60.66668998,59.95806108,52.51924011,3.666742608,67.38916744,85.26988876,8.107919505,1.04769477,97.8153511,4.125071439,4.367375617,High School,Quiet
S0255,59.10324867,D,1,49.32210107,46.90616876,54.62315061,49.61702218,3.493518264,64.82964581,84.14365525,7.646533884,3.014450155,77.25921583,7.772471355,2.237549797,Bachelor,Noisy
S0256,79.52539058,C,1,70.62406944,78.49400325,84.42236963,72.85843194,3.409876682,76.65500262,83.17949735,6.585131993,5.536215836,63.17585872,7.778035911,1.533269655,High School,Moderate
S0257,92.43764018,A,1,91.48851258,85.35968426,93.45059241,89.77576657,2.959143472,80.17014535,75.3630692,5.78640206,4.701565154,35.92579481,9.921482285,1,High School,Noisy
S0258,74.18250176,C,1,78.28163882,70.95976442,75.73682069,79.13395767,3.114626416,85.12537415,81.07576933,7.083216924,3.714206872,85.99502318,6.388259045,4.014257165,Master,Moderate
S0259,68.28523926,C,1,71.35336435,72.47562345,71.22549279,66.53970153,2.337770108,72.69220825,73.06445997,7.441998017,3.648222635,82.66982965,5.991437709,4.678000662,Bachelor,Moderate
S0260,61.3343711,D,1,45.34470716,50.58019867,36.49932763,44.31165076,3.077250771,54.30000628,81.97870895,6.751645117,2.738850488,55.27949458,7.746549563,2.141323993,Bachelor,Noisy
S0261,81.14214244,B,1,73.82539747,82.24503593,70.35183181,76.87647832,1.790223623,76.36758163,68.32476196,7.401882533,3.602602668,111.9199531,8.953652035,1,Bachelor,Quiet
S0262,98.62255238,A,1,94.45296176,92.15854044,92.40654957,95.23782656,4.220697589,87.39835742,96.19694864,7.069093306,4.276915997,57.36990066,9.620643697,1,High School,Quiet
S0263,52.85424436,D,1,47.70462084,53.09802501,45.08417885,44.77196449,1.743107819,64.65525758,72.04862127,7.998475465,3.091815192,70.47528695,8.818744997,2.077754673,High School,Noisy
S0264,63.77220421,D,1,68.50813088,68.31558853,69.26990524,69.6292129,1.33986516,81.06472746,58.14553499,6.419878774,4.570765732,78.93862103,6.560043884,1,High School,Quiet
S0265,86.54515829,B,1,88.25551896,87.39238246,84.14341929,91.82856791,2.744984105,82.94551529,81.79370356,5.859346168,5.306161136,39.02086904,7.809485412,3.37794174,Bachelor,Moderate
S0266,82.1039857,B,1,80.74227398,85.16057366,86.34742731,70.49256758,3.633229758,79.77303887,80.40061544,7.287158673,1.773424241,113.8945547,9.13779596,1.38343403,High School,Moderate
S0267,73.61095653,C,1,78.33586575,81.59748015,78.33690108,84.13123608,2.7508673,73.65201097,80.44795244,7.740464962,3.257735114,63.70825372,6.94365813,4.372517952,Bachelor,Moderate
S0268,70.11146763,C,1,78.63662462,70.75466383,78.59012301,76.95535093,2.107016528,83.42107982,74.1688592,6.173766923,3.040100456,37.27012925,5.300119862,4.501310951,High School,Quiet
S0269,70.01982536,C,1,59.77201332,67.15471507,58.13253973,61.89946298,3.232684736,70.80755198,72.7702629,5.634614936,4.43732402,64.85620563,5.018340638,2.920253937,Bachelor,Quiet
S0270,55.12876233,D,1,56.14755143,63.04800821,56.92350485,62.13378605,2.388009342,65.97363708,74.34498965,7.369896442,2.249337326,84.01822924,4.000946467,6.429416174,Master,Noisy
S0271,95.674917,A,1,84.51486355,81.38705004,88.64035487,77.65649507,4.731470761,72.73405831,94.97222704,6.518328981,4.201254575,76.22874046,8.30942797,2.965225154,High School,Moderate
S0272,83.06476612,B,1,84.55623671,86.53525437,80.22058563,81.0090317,4.690580558,89.50017933,93.11197929,6.387630084,5.387446209,92.50877766,4.666583253,6.258138552,Bachelor,Noisy
S0273,81.46740985,B,1,87.68897752,90.15912845,84.39839508,86.24623404,3.00948728,77.70608894,86.84913445,7.545458486,3.090657999,34.99355479,5.463034598,3.874273918,Master,Quiet
S0274,79.05937734,C,1,90.22823039,91.53159922,88.70960025,86.30946278,2.311535976,82.15772515,69.84696406,6.057191777,5.5550785,55.60865492,5.787257989,4.299503086,Master,Noisy
S0275,69.78912698,C,1,68.12383194,65.37230617,61.39447732,76.79851482,3.948529656,75.85363852,85.45341191,5.273751476,5.965818695,103.7307519,7.362279161,2.10488457,High School,Quiet
S0276,75.3273143,C,1,67.58339621,64.22527937,63.48710691,63.29953574,1.146851774,67.80890846,61.84699244,8.563102704,1.53046025,37.1904319,6.387743664,2.792989872,Bachelor,Moderate
S0277,90.52383513,A,1,83.90623484,83.77846449,81.52513048,81.12850095,2.899076024,74.48556853,82.41870897,6.851806074,2.16526594,106.9937359,8.048043952,2.907344619,High School,Moderate
S0278,73.34690288,C,1,75.74801619,81.61166129,80.1199621,76.76996135,2.345293577,67.25427018,72.74469284,5.744911812,5.751898757,38.27064829,4.333831956,4.468635733,Master,Quiet
S0279,74.35212535,C,1,78.60817825,81.32617902,79.92098489,72.59743062,4.68214354,82.90907389,102.6532881,6.814368477,5.791638432,105.1008793,4.743635166,4.362548404,High School,Quiet
S0280,76.63378064,C,1,83.76859682,81.91552516,84.73654638,81.79019326,1.048012109,79.15836719,63.1349994,7.361194526,1.488536377,62.4709561,6.995269021,1.900705345,Bachelor,Quiet
S0281,86.56102497,B,1,88.9502938,92.80878735,93.20478361,90.53756011,3.211259503,99.11149736,71.22153843,7.645807323,1.074992502,85.09881569,6.021788727,2.48796375,Master,Moderate
S0282,63.01542725,D,1,58.58973363,44.34702052,57.90287468,56.9254316,3.962654324,64.32309149,86.97920843,7.699745027,1.805500116,43.75984041,5.774880177,4.371534115,High School,Quiet
S0283,52.8797759,D,1,60.6570624,66.4008909,62.60938664,60.1901281,2.94007195,65.72127608,76.591509,6.747772376,5.980063917,35.95518496,4.402168474,6.759334574,High School,Moderate
S0284,49.47729089,F,0,45.16900669,36.4704378,44.65289793,42.52234613,1.341612121,59.75753849,65.81292597,7.263270228,1.899998083,49.43443836,9.374315048,1,High School,Noisy
S0285,79.13593334,C,1,71.80540775,69.99320305,73.1322195,64.23305621,4.88984556,77.11837715,85.77437032,7.706154593,3.512738034,41.50684361,8.150911517,1,High School,Moderate
S0286,44.18436729,F,0,41.97682506,36.37847559,39.06303177,43.58479112,3.072041726,58.63739584,93.4654658,5.359473486,5.242088632,58.11653079,4.729708941,6.110235599,High School,Noisy
S0287,63.52496196,D,1,65.607891,59.13448362,53.41380521,74.38255636,3.456744977,75.86560657,87.22258025,8.049291202,1.102008053,76.29449219,4.390275746,7.295426008,Master,Moderate
S0288,74.8141838,C,1,69.84545491,75.64958885,69.1740591,69.93746306,1.946439131,70.0297855,70.20877533,6.373502748,4.022444911,82.98835172,9.849235201,1,Master,Moderate
S0289,74.73569978,C,1,55.75976887,53.42126286,62.87350955,56.88608945,2.93399234,60.97192584,85.24776199,7.970597485,2.385127244,101.0881297,8.087035303,1.434410431,Bachelor,Quiet
S0290,77.25550189,C,1,72.49582933,74.22834874,77.12690634,75.95944311,2.716597968,67.25684097,88.88424994,6.477519865,5.311674582,89.06159039,6.504736427,4.010924204,High School,Moderate
S0291,43.11416664,F,0,41.67751375,41.44291085,46.50450117,35.33086126,1.299583368,49.72088603,67.3495669,6.93835561,2.417305746,84.78824926,8.210386245,3.411487503,Bachelor,Quiet
S0292,54.36346627,D,1,42.05415038,44.43935452,48.23480399,50.56672367,1.424641414,58.43673009,68.99047962,7.001286966,4.433778601,67.06038247,8.537990719,1,Master,Quiet
S0293,90.77445709,A,1,85.24303084,85.62714029,85.68631879,86.25467482,4.349890078,81.11661386,94.15235091,7.135264725,4.371098162,72.64275915,8.679773214,1,High School,Quiet
S0294,59.12992246,D,1,59.81048528,53.39552416,60.79706381,67.96976977,1.959279809,66.7480575,68.88516932,7.688706738,2.107467744,67.30687465,6.867263834,3.764154772,Bachelor,Moderate
S0295,54.37621785,D,1,46.9883282,51.96966229,43.90006872,43.32316322,1.779833086,69.71119308,65.41935364,7.13295308,1.173995999,105.7949427,6.579296549,4.219771524,High School,Quiet
S0296,69.39006482,C,1,68.7233793,66.25459639,67.14301502,77.81368892,3.019645805,80.5018407,76.06589809,6.844117078,3.046247869,50.70004073,4.066168506,5.939962945,High School,Noisy
S0297,89.30992705,B,1,82.34964542,74.56673593,85.42850117,86.22542289,4.074988525,79.50080777,87.31481476,7.264173853,2.44596576,30.51488384,9.559342691,1,Bachelor,Noisy
S0298,46.55993439,F,0,51.87015651,49.72958071,57.8895787,54.63535694,1.247786074,56.96547269,55.72508092,6.465903549,5.044888748,88.61879075,7.61984727,3.374531461,Master,Moderate
S0299,73.3819364,C,1,74.25897617,81.76277512,73.56174479,75.42909844,3.307231679,74.29596254,82.69295953,6.874326455,5.001820942,48.22159653,5.218923623,5.309112381,Bachelor,Quiet
S0300,56.1201379,D,1,44.69411057,48.94521929,42.44316425,43.45146748,1.476841771,59.34794832,56.34507983,6.007013455,3.285119761,110.1103623,9.517620517,1,Bachelor,Noisy
S0301,47.9681985,F,0,42.84249466,41.09923399,42.84513446,48.84515296,1.145844203,58.13557252,62.41302465,6.957395189,4.032561127,107.3141697,9.489591411,1,Bachelor,Moderate
S0302,75.7034953,C,1,69.22450474,67.47821621,72.23053848,69.92630409,1.210975809,71.12365785,61.92810505,6.648620049,4.02129758,36.90546347,9.935104986,1,High School,Moderate
S0303,83.28771472,B,1,69.73493169,68.12675643,62.51565761,59.89958317,4.336656433,71.60015137,94.10124082,6.040012469,5.135790742,39.57495649,9.244339379,1.441551078,Master,Moderate
S0304,73.95259545,C,1,75.05864458,85.4423845,63.57773982,69.47271227,1.471889935,75.59661421,62.1082415,6.69125299,3.125012071,74.5654433,9.986706327,1,Master,Moderate
S0305,78.73219471,C,1,79.93502335,81.84470062,77.18233911,79.00579459,1.180605458,76.78980618,77.19035643,7.179561148,2.377233399,84.83003965,5.468117129,4.096172039,High School,Moderate
S0306,100,A,1,93.67186437,95.82207261,87.56830224,95.22185929,2.751599549,87.87754473,84.31657499,5.501905071,2.325174591,54.74175037,9.053497511,1,Master,Quiet
S0307,93.06015913,A,1,68.39651916,73.54793643,65.85581817,68.11357671,4.375973888,76.00010316,87.53702638,6.545066796,3.680961396,94.5117945,8.938169853,1.102137847,Bachelor,Quiet
S0308,65.168146,C,1,57.76260601,58.95655181,57.02370442,63.85745996,2.049633506,64.32807757,71.6606755,6.588370284,3.245741014,83.54244188,5.385642155,5.509287906,Master,Quiet
S0309,70.39098689,C,1,83.73524071,82.44002998,81.46899867,73.97973139,2.68685047,88.22294699,73.82847399,7.306210448,3.200603855,59.23416988,4.590625294,6.000465237,High School,Quiet
S0310,67.02288191,C,1,54.89577382,53.91402457,62.15811149,55.6137135,1.15969013,62.5475754,56.52450267,7.16053065,1.455686695,32.28343392,9.876523082,1,Master,Moderate
S0311,66.09436635,C,1,64.14342814,63.78542184,65.77715196,55.05353201,2.796314057,63.982711,71.26278021,6.514537489,4.593018703,97.51352532,5.776147309,4.987520841,High School,Moderate
S0312,60.58256175,D,1,44.31510097,44.12898979,45.81747277,48.11366245,3.310452323,64.06144084,85.26560668,8.150533282,2.06868344,49.32782992,9.225350743,1.175386511,Bachelor,Noisy
S0313,49.68855508,F,0,41.39429089,45.03243861,44.50532661,40.92199732,3.283628215,56.61010477,79.42938097,7.901745315,1.984768151,105.1026369,4.024762928,5.548637436,High School,Noisy
S0314,72.24324759,C,1,92.94566281,93.20539224,87.25149722,95.04371267,2.329706769,88.07928876,78.13619781,7.53199822,3.063791601,67.8261234,4.126148843,5.749132998,Master,Quiet
S0315,74.26286953,C,1,85.97890663,89.64210701,91.17446557,81.65949183,2.262132723,70.97111031,77.5902383,7.108396272,2.138891708,81.93696984,6.795227852,3.056549259,Bachelor,Moderate
S0316,62.63919786,D,1,78.27858134,77.87499843,77.8997599,84.67590599,1.426494476,86.10157037,71.13451668,7.095728739,3.919291337,108.5653857,5.432288104,5.07297324,Master,Noisy
S0317,72.57636759,C,1,62.49241194,62.88558789,65.84481503,67.70103526,2.467193283,74.60767301,70.409999,7.025856091,2.857316697,107.7260701,8.139047701,1.493929685,High School,Noisy
S0318,53.0214949,D,1,49.5311876,39.54018418,44.17190144,52.44890912,1.397978675,57.26321106,66.35661481,6.928585811,3.244558613,63.43676177,7.393385953,2.21620486,Bachelor,Noisy
S0319,50.20514157,D,1,48.60403735,53.18567572,40.83524352,47.95645111,4.066383779,56.90813305,93.82610887,7.099088689,3.685846608,48.80000034,4.464914785,7.503842525,High School,Noisy
S0320,73.18052191,C,1,53.7633594,55.49580178,57.85280769,56.66264583,4.865097191,75.24300922,96.28008103,7.096199922,2.017677612,99.763147,4.975769778,5.963965704,Master,Quiet
S0321,85.8666617,B,1,70.20746656,75.19751711,72.08951419,66.67300372,4.880297827,71.41683376,94.94411848,8.212874118,1.778758114,68.97721832,6.32829562,2.911103715,High School,Moderate
S0322,68.55173516,C,1,79.30277575,64.82149886,74.79251798,83.58055404,4.460284398,75.48046363,102.6504473,6.299302076,5.402109514,47.28377942,5.113624384,5.45731661,Master,Quiet
S0323,84.58693041,B,1,76.31085572,86.75272924,71.96254031,84.55826019,3.403168597,66.82516739,85.16916535,7.358594729,3.168618514,111.3982808,8.753334083,1.365015982,Master,Noisy
S0324,60.54465552,D,1,55.39636433,54.69841619,61.02353825,60.74941713,3.803462789,65.94429114,91.21446664,7.809659825,3.060468048,47.82937748,6.496421413,3.895129762,Bachelor,Noisy
S0325,84.09031833,B,1,92.51759044,98.05850452,86.57053097,88.86957809,2.140823211,85.12019714,67.29785205,8.162408662,1.178060751,32.32264514,4.560591201,5.576750124,Bachelor,Moderate
S0326,81.99364658,B,1,80.58433042,75.38480078,88.79769518,82.391417,3.523081681,83.86963069,79.13439447,6.248575995,3.489881513,31.82519764,6.906057414,4.283585232,High School,Moderate
S0327,60.41969787,D,1,70.48947289,73.55334241,65.98636921,64.02376517,2.822598198,68.2493443,75.37873311,7.091193365,3.770848608,86.00838208,4.545029086,5.800591258,Master,Quiet
S0328,77.58882595,C,1,73.64464104,68.37756323,76.83660067,76.5065926,2.928069359,69.22088656,78.66058665,7.287098391,3.794204355,89.55075546,4.773623833,5.164287469,Master,Moderate
S0329,65.42811283,C,1,63.07800343,59.95915863,61.43491105,65.3310205,4.031106242,73.79381489,84.98996238,7.085384757,4.535155847,57.99375346,5.437658992,5.604531585,Bachelor,Quiet
S0330,63.96785606,D,1,53.62520442,63.19536119,56.64114158,44.27612272,2.127673422,71.84625257,71.22751018,6.87712983,1.887409175,58.80098903,9.157166231,1.07611881,Bachelor,Quiet
S0331,65.36098669,C,1,59.57849733,58.62508532,56.85792732,53.76957811,2.272158447,61.93348691,64.27905853,6.99314768,2.261115671,60.55445236,9.547675194,1,Bachelor,Noisy
S0332,100,A,1,81.68153608,82.76870044,80.86757155,80.26584159,4.698567165,86.24833847,91.38543453,6.98118342,5.053652326,91.21426921,8.957546376,1.356476226,Bachelor,Quiet
S0333,47.60377017,F,0,40.79164187,45.14198053,40.99623775,39.28734314,1.224897179,60.58353014,65.60352804,5.898363889,5.735853084,35.23204119,6.004463305,3.901927672,High School,Noisy
S0334,52.60027555,D,1,46.38399523,48.86240467,41.37305795,40.33661055,2.942537194,68.65102431,82.44432454,7.346252851,1.679663737,113.6204717,5.634678647,4.374548346,High School,Quiet
S0335,56.00574458,D,1,42.53014531,43.28223984,46.23426704,44.47503896,4.651203202,60.91397085,94.55264819,7.741463573,3.488247773,50.02689398,7.294934145,2.118371266,High School,Quiet
S0336,53.6343444,D,1,42.24008413,44.06488914,39.6740163,43.49745217,3.441452031,48.50865248,79.32569877,7.354835996,2.070881264,119.9705885,8.331118963,1,High School,Moderate
S0337,93.96995395,A,1,87.05033212,99.06741005,85.90733254,86.07898646,3.185628297,82.76532915,76.71926521,7.246503179,1.300365842,45.43704244,9.960236729,1,Bachelor,Moderate
S0338,75.10571464,C,1,78.70118227,78.41308828,73.72943539,74.92222477,1.998976717,84.65131023,68.12342594,6.772936314,2.627516691,99.43918116,4.789424271,3.818592442,High School,Noisy
S0339,66.3517179,C,1,66.0795606,67.08505583,53.26789231,71.32309623,2.373101956,68.5710502,76.95361202,7.650828227,1.718438126,50.10712904,4.295751994,4.824530644,High School,Moderate
S0340,61.69669081,D,1,45.38087884,50.63415082,44.42574002,53.6579144,4.408193663,60.75061457,98.72316509,5.968526386,4.549665367,37.27621215,8.166135334,1.659597632,High School,Quiet
S0341,83.41735326,B,1,67.03887313,72.5665028,79.10195024,64.62106571,3.236872527,72.63876905,79.88606659,6.775743898,3.668627068,108.7439992,8.993354701,1.109762881,Bachelor,Noisy
S0342,71.94717191,C,1,66.04094739,71.97609892,69.96396883,62.98011281,3.058968775,58.5229043,74.82222562,7.650863561,1.719172355,107.2876133,9.078092679,1,Master,Noisy
S0343,56.2473948,D,1,49.52610285,52.71975396,49.42980095,51.98214117,1.398318854,73.1197893,65.32240673,8.335712528,1.046207942,66.32133532,8.070781294,1,Bachelor,Noisy
S0344,55.5591249,D,1,63.86184071,58.14681614,62.54738656,62.07169381,1.064112626,67.42404195,56.52345141,6.821538467,5.040785245,93.21565283,9.724094825,1.850491533,Master,Quiet
S0345,68.52070887,C,1,61.91776039,70.08491805,62.03008986,61.22077439,4.854740755,73.48755736,95.95614435,7.078675832,1.880972031,80.13593394,7.066028581,4.020451542,Master,Moderate
S0346,75.26987364,C,1,73.87175539,68.14002843,76.60735097,77.57002115,2.507944669,76.50237202,81.70582714,7.379884695,4.031083211,106.7660502,9.48288879,1,High School,Noisy
S0347,83.55402856,B,1,74.9301508,76.44332812,69.02608672,65.38337036,3.412852248,83.75317068,88.26409963,7.044859612,2.684609565,58.35503724,9.806872822,2.100617851,High School,Quiet
S0348,47.52240864,F,0,42.49172054,38.72034129,48.06332901,49.08323216,1.318860293,63.27614088,63.97847449,6.203919582,3.927429692,77.130516,9.082944742,1,High School,Moderate
S0349,71.86520987,C,1,60.6036938,60.28300207,64.18060038,60.96709643,3.732457143,69.12722554,80.96497642,7.14049888,2.578268135,73.68351341,5.85855138,6.029073741,Bachelor,Moderate
S0350,76.4737602,C,1,74.42229536,76.06610742,78.01322399,72.36482964,4.730266835,72.74357222,98.35965119,8.28867526,1.434697803,61.85152436,5.177293907,3.857492016,Bachelor,Noisy
S0351,76.69874619,C,1,67.67249422,69.2792803,69.86487292,67.22632345,3.302661012,77.82550062,88.33989657,7.448195012,2.114750043,110.2309558,7.28872039,2.950017535,High School,Quiet
S0352,88.61671802,B,1,87.10694127,89.21654504,87.20502455,86.91908804,1.50446129,74.18626411,63.16644457,7.424173082,1.940292832,44.92901322,6.718088502,2.008074173,Bachelor,Moderate
S0353,87.54169685,B,1,76.22814974,84.29670608,79.59245592,67.57214322,3.32688611,81.34352697,90.02443155,7.876576794,3.140096762,43.45577756,9.266550053,1,Bachelor,Quiet
S0354,54.79300154,D,1,48.96139349,51.229065,51.92046416,56.43608463,4.065388852,58.98547299,97.11761497,5.996896901,4.291418917,81.92185818,4.600190026,5.785976472,Master,Moderate
S0355,51.7912733,D,1,43.88128111,42.66049793,42.11107755,44.08790927,2.625666146,68.20205886,84.57532562,6.661491331,2.319030375,89.1744807,5.546440368,4.298869301,Bachelor,Noisy
S0356,86.22237125,B,1,75.3330603,80.15349614,72.46505144,77.54807095,4.519350992,78.47302786,96.71972555,6.873971862,1.060349677,47.51573289,8.510793667,2.203083777,Master,Noisy
S0357,45.25383243,F,0,41.45812208,47.40547452,41.96740356,46.21587093,3.594731813,63.94967988,88.88427663,7.107918047,3.594686821,65.1645698,4.56991987,5.52909458,High School,Moderate
S0358,81.80430303,B,1,72.21765697,66.07961789,79.96275773,67.11184468,4.596995673,76.51877255,103.0408932,6.87460733,4.028797447,115.1907459,5.924586484,3.552998787,Bachelor,Quiet
S0359,85.31740934,B,1,91.71266328,94.69966363,85.5171279,94.08002277,3.494021245,77.09444616,87.17718214,7.027062443,5.81435247,52.19556804,6.322932364,3.110254318,Master,Moderate
S0360,73.26970162,C,1,71.65107978,75.15694349,64.31345345,70.31287433,1.525151888,71.52189407,62.74534834,6.937531334,3.947354015,90.15246319,7.735562779,3.075350993,Bachelor,Quiet
S0361,64.57168014,D,1,61.34934594,59.86152842,62.17315015,65.58319982,2.238766844,74.03661966,70.14495426,6.791162581,3.355862797,96.61344543,4.948795874,4.397462096,Master,Moderate
S0362,78.41381207,C,1,75.38085201,82.25938608,75.63529052,64.74471491,1.807179793,78.52370509,69.2645727,6.840794998,3.867008129,70.33158295,9.163626942,1.751776028,Master,Noisy
S0363,77.28734657,C,1,65.20390898,64.45363104,66.0706173,64.70843748,4.635305991,78.50690402,89.9002528,6.367002764,5.639503149,114.3773388,6.685253413,4.53745838,Bachelor,Quiet
S0364,80.30030694,B,1,70.00892341,70.63680568,71.2286894,66.99482013,4.041600269,77.02083452,89.69970811,5.621552145,5.141890728,96.29910617,9.502130271,1,High School,Noisy
S0365,94.70937258,A,1,91.78056448,90.91520536,90.66455321,93.94187924,3.705593476,81.05677279,92.53867035,8.570697722,2.614893667,71.21321219,6.807219482,4.325706905,Master,Quiet
S0366,62.84634227,D,1,61.23564508,61.31354032,68.68496227,63.58586602,2.203865279,66.63750185,61.08238353,7.604053964,2.186271818,81.24016816,5.650241554,6.410181145,High School,Moderate
S0367,78.01612483,C,1,92.86548101,87.38410558,84.86096112,89.32735154,1.736179088,86.94732746,75.03420139,7.411053735,2.313168062,92.33520991,4.850972972,5.401030789,Bachelor,Noisy
S0368,78.45722574,C,1,89.79428531,82.59403089,85.65180018,86.23341599,4.025804352,73.32692232,95.86991461,7.250950433,3.522105199,83.29711624,4.022470568,6.576613617,Bachelor,Noisy
S0369,60.86839049,D,1,50.76851241,58.74103773,50.25223861,50.21518557,2.896631784,73.75146563,76.66749476,6.938631313,4.720247256,109.0827825,7.19294491,3.844060414,High School,Quiet
S0370,52.38813851,D,1,43.81487155,39.58006481,35.59892749,39.33166041,1.903158209,64.11616946,71.74853623,6.874894446,3.516096036,62.11997961,4.642940182,5.081577503,Bachelor,Quiet
S0371,55.28645758,D,1,45.54279008,40.58582833,44.66351805,49.75270855,3.466487913,68.90656802,84.68061776,7.282684838,1.338981979,56.98971661,6.350366582,3.831913642,Master,Quiet
S0372,43.55218085,F,0,41.00220041,30.23524984,49.30955124,39.15616441,1.161335409,52.5980805,67.76330593,6.914354293,4.617903502,49.24550005,7.535630567,1.150169903,High School,Noisy
S0373,52.95250541,D,1,45.19436284,41.9995541,45.29879528,30.65942174,2.304681017,68.82000722,77.96022588,6.683900227,5.029850643,33.40046713,5.654115381,4.484519647,Bachelor,Moderate
S0374,73.50353779,C,1,77.56537254,70.94992357,78.71887707,75.69126225,2.874227978,89.94018082,71.74192617,6.860808153,2.447489326,33.87125679,5.051345754,5.446766241,Bachelor,Quiet
S0375,55.43352425,D,1,43.91537567,52.12545147,37.61455184,38.72265656,1.591833336,55.35329606,68.85464543,7.413329197,4.320628696,108.3049674,8.648329736,1.867833287,High School,Moderate
S0376,84.90377654,B,1,57.54365967,62.59274511,54.46185263,49.38728059,4.93861791,72.62883881,98.35803984,7.206788167,3.132959505,91.05538318,9.680747034,1.38467769,Master,Quiet
S0377,64.51410958,D,1,86.4681421,83.02739038,84.5921602,80.28100891,1.836389458,83.23962078,68.77805744,6.731230648,5.445596779,89.44791739,4.602642507,4.622555315,High School,Moderate
S0378,41.78712573,F,0,41.27995647,52.54213549,39.69138098,41.82699882,1.52141252,52.91780899,61.5732657,7.128122107,5.226127791,85.3178537,4.933541946,4.533851297,Bachelor,Quiet
S0379,87.07521731,B,1,84.79576654,89.70459398,91.20398552,91.43897068,1.814139496,84.86230313,76.8820803,6.922796413,3.627159992,106.429723,9.760075944,2.135431402,Bachelor,Moderate
S0380,55.39192841,D,1,55.50201261,53.87785569,58.29046792,57.06793498,4.076244533,71.91902233,95.96275443,6.821217685,4.457527729,73.22402331,4.226705331,5.622966295,High School,Noisy
S0381,45.73950119,F,0,46.49906552,34.00203694,40.94177573,43.46654858,2.702022637,60.2439,73.32137055,6.779989068,5.416748505,108.3369746,9.865794019,1,Master,Quiet
S0382,68.14903189,C,1,78.3205441,89.77525696,79.55306799,80.60006507,3.261663759,84.98985465,75.94358456,6.593993943,3.47858505,62.35005236,4.027866899,5.90512306,Master,Quiet
S0383,73.62768804,C,1,74.59185657,67.64399424,77.08296532,72.29640502,1.084036628,68.96211125,58.91200312,7.257149721,2.566253702,113.4036754,9.242011934,1,Master,Noisy
S0384,70.68185253,C,1,88.26096074,80.03396701,93.96170594,84.7879589,1.137725234,76.65669964,63.54976557,6.632275086,4.76833069,92.87912821,5.843951086,5.779578125,High School,Quiet
S0385,85.14637405,B,1,80.42890741,85.54175957,88.33161084,74.65709407,2.783302199,80.89744068,79.03405121,6.891871342,2.100331274,53.14594224,9.631533149,1,Master,Quiet
S0386,89.27645641,B,1,84.19145117,96.3902132,79.11598021,75.43230714,4.266620973,82.22265198,98.93187385,8.276021672,2.94265574,80.76764295,5.901671732,2.971042744,Master,Noisy
S0387,67.95458758,C,1,55.51190149,62.43326558,51.45761394,53.56228296,4.540955515,64.1730833,99.35915376,5.697762423,5.328636186,77.97275053,7.925837929,1.623421793,Master,Noisy
S0388,55.5052062,D,1,49.75917491,52.57872051,43.47128561,50.54944236,1.34682627,68.92755963,68.31610783,5.964314538,4.622111701,42.41089396,4.480195419,3.51809858,Master,Moderate
S0389,77.27859241,C,1,81.28381134,84.25758305,80.11371204,80.80069299,3.153452408,83.29637724,83.16880109,7.75139678,3.019055026,83.21186152,5.453978869,3.894733666,Bachelor,Noisy
S0390,100,A,1,84.37591066,88.64298845,86.70770253,82.29607602,4.652918745,86.47865068,89.5826938,7.734516372,2.073722512,58.33070613,8.642076079,1,High School,Noisy
S0391,91.24960807,A,1,94.47778281,98.27242576,99.41445539,89.74905251,2.551891018,86.62320923,74.54041752,6.653065005,2.779841954,34.71138901,7.172115122,3.445313509,High School,Quiet
S0392,77.74075924,C,1,62.69397223,64.09992935,62.31421711,65.73520319,4.318263326,74.35988745,98.48308196,7.577488284,2.420520746,115.3790542,9.567814371,1,Master,Noisy
S0393,55.15103853,D,1,60.46099472,60.98200024,58.8617571,53.87533512,1.534782618,68.00224584,65.09021153,8.169791291,1.88044644,87.73413322,6.57250845,4.315295486,High School,Quiet
S0394,100,A,1,82.70271284,82.3897472,83.4615028,86.58285241,4.741577959,91.62044987,99.93123143,6.569869101,4.716664568,108.9227039,9.218874195,2.179609798,High School,Noisy
S0395,68.62870422,C,1,58.74419471,54.97437177,54.56848021,53.73310962,4.00569327,65.30936851,88.46319113,8.62130662,2.260349434,90.84504045,6.693732625,4.087442711,Bachelor,Noisy
S0396,100,A,1,91.19165291,89.78827752,101.6393465,87.42947672,4.765337571,96.1223136,92.50431647,6.156717889,3.270837351,62.12853229,9.875489672,1,High School,Moderate
S0397,92.436509,A,1,87.21270135,78.74791728,79.17439622,79.8787754,3.706468934,83.78079041,86.44796902,7.468122557,2.929297234,76.14192651,9.759006288,1,Bachelor,Noisy
S0398,51.9352565,D,1,63.59467151,63.10297337,64.5183744,61.08766077,2.453615728,64.9197813,76.0813945,6.8101481,5.910386893,90.81720843,5.974820233,2.500194827,High School,Noisy
S0399,89.25546924,B,1,81.29790873,76.35495319,91.41593982,86.17447102,4.75272469,87.48935112,94.2488083,7.559033585,2.955461221,116.4227093,9.315542023,1,Bachelor,Quiet
S0400,80.53355632,B,1,81.49985807,75.98191149,81.5338573,84.07799852,2.102267105,81.37943598,69.84411483,7.477848412,1.399912414,52.83025132,9.085668245,1,Bachelor,Quiet
S0401,45.7466217,F,0,45.67181279,46.57128354,44.72161761,50.56392335,2.328690088,67.09152688,68.58958467,7.42004063,1.449128763,108.7479353,5.264082384,5.430243997,High School,Moderate
S0402,98.37899052,A,1,89.64040987,96.6004213,87.85318275,92.2511226,3.803233672,90.93948453,93.62856131,7.035942004,3.953768607,113.1670025,7.745742405,4.827009985,Bachelor,Noisy
S0403,58.78745766,D,1,67.78888048,72.38046351,66.88692208,62.27053134,4.061265198,75.58421801,89.14037319,7.208831916,3.996817759,90.33739632,4.436093894,6.063727742,Bachelor,Quiet
S0404,89.62376951,B,1,85.45516064,77.60265762,92.31940301,83.80121451,4.717613935,79.76637609,104.4399171,7.373098232,3.093794952,113.8139965,9.020264324,1,High School,Noisy
S0405,56.19869749,D,1,57.60272806,52.65458737,46.5434185,53.70173241,1.819209636,73.67993092,75.83583561,7.572263407,3.159218462,65.80907287,5.047275301,4.591494506,Bachelor,Moderate
S0406,90.92364651,A,1,89.25377757,93.95763351,96.92094607,95.90665209,4.191992141,84.63066632,91.51469159,7.109666147,1.269662914,115.7714558,4.424888208,5.697602717,Bachelor,Quiet
S0407,64.42707879,D,1,61.40609233,56.49365536,54.28630657,55.4221491,3.954184214,74.13233526,84.49959847,6.811294745,3.582732552,93.25045894,6.401314573,3.686042852,Bachelor,Quiet
S0408,55.32549998,D,1,40.59607083,39.47290508,39.26280919,45.06455928,1.255178225,49.52938255,52.12229286,6.472882821,3.523697377,33.78051907,7.461532832,1.807654043,Bachelor,Moderate
S0409,96.08753603,A,1,89.7960087,92.5462692,87.6497866,94.26077805,2.548892565,87.13291294,68.12874028,7.282619634,1.747746593,111.6185549,9.129501751,1.115789991,Bachelor,Noisy
S0410,64.17490243,D,1,45.02076722,40.17904495,47.96353357,54.16886823,2.131061828,59.31745449,64.44144416,8.051851367,1.519196931,73.60255281,9.845455153,1,Master,Quiet
S0411,62.77214273,D,1,57.56225007,58.0891276,49.57162831,55.5138171,2.217961697,77.04767322,79.07196511,7.568633224,1.617862453,71.42942863,6.636955075,2.418136202,Bachelor,Quiet
S0412,87.64791904,B,1,92.25340819,85.58328071,94.56427152,95.81501899,4.931787518,89.24214083,99.89699812,8.851887212,1.505141232,80.98199454,4.362681538,6.283116104,Bachelor,Moderate
S0413,96.17962723,A,1,92.28339308,89.27655486,102.4049412,103.6916523,3.571109654,87.34098527,87.65911916,6.88214089,4.048540978,43.44460921,8.494693474,1,Bachelor,Moderate
S0414,82.02761413,B,1,71.53908385,73.13799352,64.72321382,68.45087546,3.870704631,78.20109189,77.60494127,7.435121962,1.982413262,72.22494437,7.391039537,3.147172068,Bachelor,Moderate
S0415,86.30178812,B,1,74.75104667,66.786078,75.69957751,67.07584543,4.906470549,72.38331907,93.07487335,7.375946231,2.257150761,104.8014495,6.687348069,1.943188156,High School,Noisy
S0416,63.09447383,D,1,64.66450371,66.8668774,61.35459282,55.26445354,2.50880713,80.44853531,79.52347018,7.120737437,1.867860721,31.39342132,5.855613273,5.909212611,Master,Noisy
S0417,71.57298139,C,1,56.12659244,56.02840345,58.25602847,59.69015259,4.207360674,78.02014831,93.5074773,6.234328737,5.789176522,54.56254443,7.014391167,2.211338911,High School,Noisy
S0418,64.84197976,D,1,58.07655,60.83899977,58.17228888,48.66079896,2.738123853,71.00284255,76.64521214,6.981967819,5.273087316,30.22091278,6.032077627,3.744255801,Master,Moderate
S0419,86.6162297,B,1,76.98851508,78.10808575,73.78108054,75.12691982,4.478134687,86.44627538,97.60555867,7.411243078,2.152474187,67.41401782,8.542071206,1.788542055,Bachelor,Quiet
S0420,80.08054404,B,1,81.38059912,88.20130127,83.81996054,83.56716505,1.722630165,77.84455857,75.40529068,6.811920694,2.63783147,95.54839594,7.263362179,2.171287869,Bachelor,Noisy
S0421,100,A,1,83.5368474,84.16296992,92.55858795,84.46272509,4.790744708,77.78285587,96.80223476,6.922618426,2.049464212,101.8894646,9.261086645,1,Master,Moderate
S0422,70.26428187,C,1,83.42899785,81.28197015,82.4744789,85.55622217,1.875086834,81.91912267,69.09771735,6.737085115,3.459379797,115.0670785,7.261263488,3.314093237,Master,Noisy
S0423,52.28934358,D,1,45.01633567,45.62782318,48.61512538,46.12778495,2.304882028,64.68287303,74.01180487,7.707515918,1.098052662,84.76541517,5.42957448,5.531038752,High School,Quiet
S0424,74.62950551,C,1,67.19311676,69.9096069,60.72675197,73.58744583,4.024768936,71.62662497,102.2082375,7.289741254,4.356840044,52.916418,9.106551293,1.684946143,Master,Quiet
S0425,55.87652255,D,1,43.1657318,43.41003215,38.38354992,38.4041499,2.575020566,64.27170685,65.25342434,6.245018455,3.615790749,113.1733154,7.34331427,2.484875267,Bachelor,Moderate
S0426,81.36070547,B,1,70.22408853,70.42704698,72.58611992,66.83911284,3.432845507,76.64399167,87.74457014,6.192128469,5.493194642,99.77841785,5.241046229,4.612321997,High School,Quiet
S0427,64.52131735,D,1,64.28417758,60.77421914,71.70475772,60.42088035,2.778294004,67.15055491,77.2089288,7.525565983,1.821963422,81.69856347,7.74104686,4.608061698,Master,Moderate
S0428,81.36151125,B,1,88.82373005,85.50922546,90.6017968,92.97468911,3.969479748,87.00583011,92.52865611,5.576983247,5.02054623,92.60761941,6.14630059,4.803588479,Master,Moderate
S0429,63.80956177,D,1,59.30032569,52.28729933,57.73503554,63.80231863,1.913325009,73.96780406,65.84638732,6.095259337,4.959805072,113.188472,9.066433674,1,High School,Moderate
S0430,50.55997499,D,1,46.4386859,55.18656962,46.43514293,48.6948125,1.233831949,64.07668954,62.09349434,7.169283946,1.635905946,94.11546256,6.719798432,3.380189732,Master,Moderate
S0431,60.76672696,D,1,47.86454251,41.64522634,41.61250384,53.78201085,2.19971759,69.69551177,75.5542288,6.704175977,2.992796121,63.15370568,8.358648149,1.306208713,Bachelor,Quiet
S0432,78.54637759,C,1,81.88308474,78.41855876,84.90566138,75.99288041,2.897234659,74.8545234,94.5368976,7.540715811,1.850763206,94.17253821,4.573217246,5.29144852,High School,Quiet
S0433,72.37453903,C,1,74.00199348,70.40995715,78.41365879,82.33811404,1.672080209,79.34074885,70.76098303,7.237639445,2.273602502,33.62503465,6.376146078,2.394358764,Master,Quiet
S0434,60.65683276,D,1,45.56174719,50.03636907,43.30129552,53.1779403,2.419189159,56.92947006,69.9515636,7.027487686,2.316230874,64.77740056,9.899448619,1,Bachelor,Quiet
S0435,48.53186022,F,0,44.62587434,43.15112594,42.2756636,48.30398432,2.599932073,56.74253038,73.88052232,7.079626722,3.78118197,66.56907287,8.850761737,2.960794036,Master,Moderate
S0436,73.94312761,C,1,78.55330223,84.79201259,79.88269338,87.46229677,1.229567375,76.12199695,60.02860321,7.944420961,3.057054659,45.0154411,4.959644814,5.619431487,High School,Moderate
S0437,58.16413405,D,1,44.00196535,40.63451223,41.81836667,35.71884931,3.333228993,57.29068176,74.35407406,7.098029052,5.73866402,32.07769325,5.666584297,1.842254295,Master,Quiet
S0438,81.3916304,B,1,85.20230326,86.59727407,84.87164019,82.58006258,4.537373712,79.86117254,93.72328616,6.549058901,1.63185071,42.0043113,5.978894853,5.237828639,Master,Noisy
S0439,67.20447404,C,1,78.84332249,74.66658723,89.34193144,75.16680519,1.606971652,78.35090969,69.73386193,6.52799789,5.868460674,88.91593462,7.902193363,3.18743616,Master,Noisy
S0440,61.17692347,D,1,44.47418294,55.19992857,43.23905443,48.08157955,3.391232054,66.4228639,77.54115994,7.265030395,2.153193201,102.2059935,8.541968557,1.098746139,Bachelor,Noisy
S0441,51.47405107,D,1,44.66607427,38.72808218,42.87437351,39.41537058,3.65895682,60.72724194,91.83198145,6.618266767,4.864369682,118.9383143,8.497159653,2.220103891,Bachelor,Quiet
S0442,85.57106464,B,1,94.26517682,95.81428037,91.02746779,98.05265256,2.677338722,79.20445987,79.21226132,6.992403594,2.694849631,61.17271528,7.059244338,2.081356451,Master,Moderate
S0443,70.66520859,C,1,60.58489377,63.75377817,64.30585362,67.43757449,3.804390349,75.99278612,84.37273688,7.544172222,1.715406977,83.94413,8.864923227,1,Master,Moderate
S0444,60.47511958,D,1,60.38531809,62.45431358,59.47919722,63.86133259,2.642926174,66.00720838,75.72161355,6.48886992,5.289445926,114.343047,6.622468497,4.876077864,High School,Noisy
S0445,78.19137138,C,1,84.7039762,83.7775379,81.45711101,86.12273132,3.018549152,82.05838596,88.17710056,6.947232772,2.544304496,45.03376032,4.743283392,4.984986568,Master,Noisy
S0446,88.24309506,B,1,92.09867176,91.44956826,98.70519192,87.15930505,1.029412178,88.28201841,63.96186085,6.26353312,4.294277021,94.58810277,7.38665105,1,High School,Moderate
S0447,98.58106053,A,1,94.23005851,94.44911587,101.3280735,89.99580368,3.766880457,88.11308135,87.71272284,6.625986631,3.832218425,97.94808598,9.713808308,1,Bachelor,Noisy
S0448,83.55198464,B,1,81.43580019,80.70079018,78.43368236,87.68389472,3.645370716,86.18879783,85.26529057,7.109495168,3.358781547,38.00779823,8.757961908,1.163449699,Master,Noisy
S0449,59.46700796,D,1,60.6942772,65.51367279,51.36157745,64.59102222,1.153603509,72.74215432,61.91908045,7.255768962,3.479097363,107.5124447,7.472203886,3.726164683,High School,Moderate
S0450,50.82426709,D,1,44.59253942,55.64515443,49.63010787,44.39744182,2.47300043,57.98972181,72.17118651,7.028317618,4.66118957,103.1794542,7.880833962,2.13350246,Bachelor,Noisy
S0451,99.16478726,A,1,82.74308038,79.95562145,79.31993125,80.65353265,4.916127363,92.26435106,88.6375261,7.321245617,1.438864571,33.00627059,9.583372162,1,High School,Noisy
S0452,61.07415995,D,1,70.71223374,63.86321884,74.66536173,60.58319437,2.68294625,76.32778418,87.04035206,6.839651291,4.34090331,38.19759734,6.570056767,4.474999379,Bachelor,Quiet
S0453,51.68507791,D,1,63.33221051,62.89080027,53.48169142,57.97794842,3.007781621,70.92940412,80.8544412,6.837533144,5.479060507,34.42142045,5.988364834,4.132425399,Master,Noisy
S0454,99.32670349,A,1,89.84949118,102.7480379,94.31247787,99.40658662,4.639720633,89.74437271,98.38794265,8.196115152,1.288940985,60.12691786,9.86344939,1,High School,Quiet
S0455,59.93885521,D,1,46.11586153,42.09748869,40.06000188,39.71358367,3.869047503,64.30518549,88.40093629,7.459603564,1.703266696,75.83600916,9.180658801,1.974338759,Master,Moderate
S0456,69.80642566,C,1,67.09438074,75.28996476,70.74820133,68.04177984,3.328280524,75.54333133,79.60722124,6.514586232,4.583159684,77.91129552,5.938261508,4.255400257,High School,Quiet
S0457,59.55814341,D,1,40.62445046,49.01295453,40.6958158,45.66167033,4.191218725,72.77314522,90.98256485,7.139639645,3.186408241,54.09000838,6.782683584,3.220242383,Bachelor,Moderate
S0458,69.0385025,C,1,65.77633531,63.0083941,61.00663821,59.50172197,4.457465066,71.51256051,86.57767685,6.519823332,3.017743104,112.0437198,6.490468774,3.687439617,High School,Quiet
S0459,47.09878583,F,0,43.09668016,45.94159556,41.0614986,44.02023254,2.827552287,59.95953561,89.66095536,7.397745293,1.684833173,63.14365109,4.894574072,4.034757557,High School,Quiet
S0460,70.61198274,C,1,46.53498539,54.67696851,49.96657768,51.22456308,2.90043346,63.85038526,72.83177461,7.312138138,3.533850204,34.09951404,9.746915943,1,Master,Quiet
S0461,59.5401984,D,1,46.46394357,44.56830487,46.99341584,46.52644018,2.544203743,68.58955146,70.28220601,7.831155598,1.632726556,57.02044004,6.425874587,3.577708015,Master,Noisy
S0462,96.24429,A,1,75.70656662,74.68866482,78.62863152,90.04858189,4.86682456,70.32061316,96.46694958,6.849935513,3.383102282,77.79984803,9.251974496,1,Master,Noisy
S0463,78.92044163,C,1,81.03246836,78.12406379,90.91467128,72.68947207,3.788665017,70.68845472,94.3270288,6.663436152,4.818076495,66.73996403,5.136137366,6.136291017,Bachelor,Noisy
S0464,70.22153361,C,1,72.08528208,67.01149843,64.26407402,77.37892473,1.332892265,73.10706469,63.40146764,6.900278293,2.291321789,54.64582672,7.287224864,2.930180989,Master,Noisy
S0465,82.50121537,B,1,92.91949017,89.67310244,101.005553,92.05548148,4.451838493,78.29013029,88.33770595,7.330566822,3.403930841,41.81909248,4.143768311,6.711135612,High School,Noisy
S0466,69.31303934,C,1,60.61788187,54.49818054,61.13966156,64.47748265,2.922239763,68.1847842,85.49408944,6.173065328,5.960079847,103.724805,8.585322903,1.424072452,Bachelor,Quiet
S0467,51.36783976,D,1,55.71416475,55.88458209,51.2202445,57.9207005,1.275015626,70.36958085,66.40515939,6.532048639,4.433252117,119.6530718,7.485483389,3.570805094,Master,Noisy
S0468,80.65257713,B,1,87.77295205,83.9230859,81.12138392,84.10717106,3.198869021,79.43273171,84.68086499,6.257102925,5.206783857,59.65879202,7.753537501,2.643990256,High School,Moderate
S0469,44.44344283,F,0,52.29777112,53.46670068,51.35216916,53.44275308,2.668657116,59.01475268,80.26524236,7.046281657,3.074238033,64.34589398,4.310325295,5.70309519,High School,Quiet
S0470,92.65125522,A,1,92.97723967,85.19776144,97.58549023,83.68773241,4.510997619,86.83530564,107.0817857,6.324269793,4.839304616,85.62337722,5.266229981,4.72048693,Bachelor,Quiet
S0471,46.6039771,F,0,40.66849611,42.32289727,40.03075051,43.68473361,1.815978414,64.64696548,79.08525862,7.968307759,1.202545865,94.65973273,4.445985234,4.59957614,High School,Moderate
S0472,92.62837986,A,1,93.34333547,97.51098028,100.8991101,94.8341278,4.305858438,78.19680054,89.62500766,7.317991452,1.614555913,65.28265813,5.733485895,4.773429825,Master,Noisy
S0473,52.75090033,D,1,42.37379516,32.40511694,35.11791671,45.567096,3.230754765,65.28805957,90.42697261,8.191876159,2.015352965,111.4436565,7.764634046,2.195161219,High School,Moderate
S0474,75.17952661,C,1,89.01287125,90.8831541,88.95242651,94.30346288,1.218441213,88.59296665,64.10025308,7.829677365,3.009759623,80.40035903,7.397115906,2.100892134,Master,Quiet
S0475,82.08353718,B,1,69.023561,75.16190596,62.76159378,70.8616602,4.887381205,79.28220601,101.3692911,5.985610938,5.228724392,70.53510688,7.67289893,3.433562841,Master,Quiet
S0476,92.23877637,A,1,94.61306379,88.56485869,96.4312232,95.35351089,3.050460976,93.39893297,72.04325561,7.215453059,2.731330254,88.20054778,7.295507628,1.454276346,Bachelor,Quiet
S0477,55.32674698,D,1,44.05881106,52.42167299,48.49324801,39.65346938,2.163507417,73.03947515,70.78314534,6.392739899,4.273105968,115.7523463,5.638172774,3.939331331,High School,Moderate
S0478,67.79789438,C,1,70.46198564,72.55708069,68.35817667,66.90088182,2.877627368,73.45053258,74.71215573,6.472704776,4.546571474,101.5097065,5.467044984,5.560673765,Bachelor,Noisy
S0479,91.50377208,A,1,93.31163946,89.78658018,80.29057018,99.24531256,4.431431134,87.20367763,98.45460542,7.821940203,3.93091177,33.60118175,4.822358101,5.49316484,Bachelor,Quiet
S0480,76.2991566,C,1,68.77038143,68.49153604,69.76512216,75.95205846,2.219612498,72.30299855,77.55152748,7.010351339,2.786209841,59.90789197,9.094425249,1,Bachelor,Noisy
S0481,74.18800522,C,1,74.6169251,77.40855966,76.80061786,73.42637292,1.770705586,77.31834677,57.3346241,7.014533006,3.885266709,72.34902165,7.698876151,2.552127392,Master,Quiet
S0482,75.86270314,C,1,78.26617789,78.64620485,80.28765167,78.49619163,1.516284988,86.79745573,65.05267556,7.457262258,2.711327964,58.3065815,5.119066075,5.060348096,Master,Noisy
S0483,65.3285906,C,1,64.99975856,67.69353852,71.17866952,60.47668669,2.191437594,65.77480686,77.52368346,7.073874706,1.419368693,93.01688047,5.063256279,3.420081175,Master,Moderate
S0484,86.34056826,B,1,74.5156944,69.91232644,69.16042601,80.37947863,4.120192348,72.95259884,90.26852867,5.783246296,5.964019891,104.3642235,9.238213609,1,Master,Quiet
S0485,77.58557869,C,1,72.13728716,72.98409128,75.53836768,75.46437127,2.886505461,82.95454826,82.51037283,6.906215134,1.635912268,95.82105857,8.456385183,3.160136472,High School,Quiet
S0486,89.22531796,B,1,89.56369058,82.49511809,95.52622814,99.26977776,1.909926415,89.88202782,70.85509149,7.148492057,1.361741919,119.0399958,7.956394479,1.384281386,High School,Quiet
S0487,52.8930561,D,1,42.49955092,41.94342061,33.606613,38.10793553,1.664739998,59.43411723,68.35570114,4.957188822,5.392653746,54.52928831,6.441184645,3.240514341,Master,Moderate
S0488,60.54338243,D,1,55.45297543,50.93343722,57.05123456,53.56293593,2.330917906,71.99849772,71.95260417,7.519539209,2.509173304,108.7490546,5.571853386,3.886525851,Master,Moderate
S0489,98.4227616,A,1,92.27263162,88.59498191,89.75173247,93.42986124,4.759697492,87.84239502,91.51407089,7.75165146,4.25148487,98.99603987,9.876704579,1,High School,Noisy
S0490,94.38314115,A,1,88.96450811,95.14497399,88.55689475,92.1969558,2.37210685,91.9836271,68.11341777,7.280401775,2.645028648,62.59608818,8.78343745,1,Bachelor,Moderate
S0491,69.07268017,C,1,65.0611214,70.51767201,66.79950382,63.98278322,4.952496304,72.90310867,103.0717256,6.404684164,2.957271354,96.07120893,5.810675339,4.676066163,Bachelor,Quiet
S0492,81.43604466,B,1,74.10729288,77.15298348,71.67115006,69.74248743,2.940921823,82.18180701,79.50650951,6.985442351,2.31056486,39.36683608,9.085388778,1.111924635,Master,Noisy
S0493,56.38747499,D,1,55.25596506,49.79440124,51.87742467,59.66300271,1.716655673,80.83804208,66.47399551,6.955995569,2.715220029,101.0400134,8.553591692,2.219955923,Bachelor,Moderate
S0494,65.48440459,C,1,50.34666378,48.76462154,50.51742587,53.9523406,4.564560367,68.16382767,93.52615346,6.575157011,3.053502003,77.90975423,5.782483299,3.166575535,Master,Noisy
S0495,66.97722495,C,1,65.50341227,71.56890077,60.06718258,60.92204177,2.841421493,72.99834696,76.8882707,7.049467216,4.602080345,56.30611554,6.559317125,3.100342392,Master,Noisy
S0496,66.27762932,C,1,59.43437254,60.14295711,54.0052469,66.21158655,3.838685374,73.3294212,93.62141271,7.337825731,3.557680971,89.01995716,5.115720672,4.658556696,Master,Noisy
S0497,81.57369695,B,1,72.10108615,83.69773385,75.49795257,77.9520797,4.934846333,74.22413878,97.67224292,5.706926277,5.717826086,87.74579988,4.666314666,5.789332244,High School,Quiet
S0498,50.79996663,D,1,44.27540503,46.24199423,38.53143486,44.94688752,1.200701401,74.07754104,55.30169045,7.999719931,1.209401969,48.85376004,8.336572197,1,Bachelor,Quiet
S0499,79.72490591,C,1,93.59171442,94.55196,96.92327693,93.98970373,1.386778239,87.6962124,67.58604127,7.708803848,3.515341613,32.73576733,5.605071144,5.31058266,High School,Moderate
S0500,97.83260085,A,1,94.24159095,92.69600863,96.55454741,97.0118798,3.881826966,85.75612887,87.79388634,7.774941919,3.921123944,69.02603282,8.920356194,2.266059396,Bachelor,Quiet
S0501,74.43806701,C,1,78.39889427,79.06659879,69.76986063,74.09037892,2.127300013,75.02100211,71.42997946,7.752310532,5.60098493,81.25606824,9.973652269,1,High School,Noisy
S0502,65.25758314,C,1,69.48530015,68.72295097,66.09747689,69.63545754,1.737205588,80.22875103,75.40994741,7.17526589,1.245792618,108.8944751,4.459718884,5.049408222,High School,Noisy
S0503,57.68144608,D,1,57.0240189,60.56456228,62.99456591,46.26210117,1.157447519,72.84794651,61.47167241,8.251860836,3.867497925,113.5395116,6.838210751,2.629857741,Master,Quiet
S0504,79.42886819,C,1,84.75872608,89.54223767,79.85289843,89.14100431,1.087386848,79.89259118,62.31978685,6.242451913,5.268149643,77.59246963,8.812375356,3.820010849,Master,Noisy
S0505,88.97741343,B,1,77.66021449,73.73026719,75.33819318,69.85274838,4.097942412,81.71236397,85.08480667,7.04087568,2.209638641,97.84231354,8.733705379,1,High School,Quiet
S0506,43.81921606,F,0,48.94393166,42.2877669,51.25423613,56.46103081,1.537733709,56.92918599,64.27898983,6.549097665,5.381461743,69.53729451,8.55998295,3.117642492,Bachelor,Noisy
S0507,81.61419617,B,1,90.10099515,80.91996828,94.01794769,88.45039468,2.870882464,85.97535045,81.75645486,7.380404219,1.095217046,97.14739409,6.093969612,2.639398393,Bachelor,Moderate
S0508,80.13612211,B,1,85.23954836,87.779505,83.98185393,84.18121345,3.423587261,84.88355594,76.45900394,6.800840127,4.662273146,48.43213724,6.723119534,2.2872295,Master,Moderate
S0509,90.2071903,A,1,92.23899523,86.7221622,89.25144426,89.1003257,2.713407202,94.65614666,78.13829749,5.640291574,5.665566106,63.39582613,7.569810144,1.743585324,Master,Quiet
S0510,76.18238767,C,1,79.91457296,69.15012,87.02642227,78.47437859,1.108426609,76.10319247,61.58822146,6.594827207,4.285988308,87.08051989,9.843643501,1,Bachelor,Quiet
S0511,68.6061834,C,1,73.73783578,75.6807288,82.4323341,80.8304925,4.13400601,70.47715474,91.54649738,7.684247251,3.19514622,31.6342169,5.965283626,3.76681764,Bachelor,Quiet
S0512,79.5698198,C,1,63.003367,75.46836458,67.89765725,50.56432371,1.042052898,67.02454369,65.60632347,7.60414783,1.224405082,95.02151793,9.538863326,1,Bachelor,Quiet
S0513,79.90099181,C,1,91.30006658,91.26971203,91.7266573,97.68489351,4.047559578,78.96719079,92.14778835,6.390627173,5.600569067,105.1981951,5.616141509,3.564516898,Master,Quiet
S0514,100,A,1,87.63351392,91.82596779,83.59218531,89.32363133,4.573217975,90.50004375,103.1225392,7.232184968,3.351481113,65.9227495,9.934446793,1.224025204,Bachelor,Noisy
S0515,56.43545867,D,1,42.48702686,42.89617365,38.33480482,36.45191862,2.731359684,68.9867099,72.34564926,8.241835698,1.144983722,70.31481755,8.021582121,3.202211502,Master,Moderate
S0516,47.21131092,F,0,41.4501836,40.95573533,44.06275412,36.07362163,3.142169892,62.32617469,82.10132176,5.837656037,4.449105357,106.6153991,6.781068882,4.168227616,High School,Noisy
S0517,73.19970303,C,1,60.70548518,65.30086759,62.79747628,69.08745031,2.90793357,76.45921732,79.50166964,7.269506146,3.409186268,99.80891718,7.680342568,2.843656387,High School,Moderate
S0518,75.41566868,C,1,84.58043319,83.12906047,91.58842616,79.85289879,2.556834474,82.9600085,70.22207228,7.379412454,1.621726587,55.93345401,5.635187014,4.457556052,High School,Noisy
S0519,96.87711432,A,1,94.30018711,95.63714868,97.55243758,88.53343456,4.549698141,86.67453532,100.2784564,7.461911234,2.071359047,59.15784959,5.645043145,3.857926164,Bachelor,Noisy
S0520,49.29720434,F,0,48.27292901,49.88141804,40.7575275,53.95950172,4.575734043,62.47127641,107.380707,8.133239064,1.322453402,91.09904092,4.681327263,4.365515232,Master,Noisy
S0521,73.08144381,C,1,72.67718934,69.33673708,77.93692743,74.36995373,2.343265459,74.78663972,73.34762421,6.241466365,3.871467699,80.68782832,4.684301786,5.678693917,Bachelor,Quiet
S0522,66.6804538,C,1,60.94899711,65.90920886,55.95869398,56.25936923,3.460279016,62.73549078,87.1278956,6.26063356,4.110147396,44.6006614,6.086030449,2.740339159,Master,Moderate
S0523,94.28505206,A,1,93.34529188,92.4704931,91.42543552,94.42841676,4.707630249,87.99391976,97.49889486,5.973671573,3.528711492,57.89369183,8.577132867,1,Bachelor,Quiet
S0524,93.96461921,A,1,86.31654077,82.53781497,87.5675418,81.18777735,4.848233996,82.95660084,94.91441661,6.19976733,5.085510665,110.9984949,7.647827006,3.505086251,High School,Quiet
S0525,86.41719931,B,1,86.10807876,88.79062798,96.08641621,91.61218575,3.035836162,86.780843,71.25456023,7.07370294,5.305044107,91.93569931,4.615507362,7.28514168,Master,Noisy
S0526,71.19461563,C,1,65.77812379,61.28578388,81.32771657,71.08497861,2.811299221,73.35667938,74.5841248,6.716269811,4.078121983,118.7376886,9.11341915,1.279875988,Bachelor,Moderate
S0527,65.64994535,C,1,62.81507263,62.95597842,65.84868792,65.47510362,2.114777264,70.59401781,64.18798073,7.010802833,1.063782399,99.0311277,7.608205762,3.49825139,Master,Moderate
S0528,73.07706182,C,1,55.03738896,54.99179397,54.12140586,56.84569426,4.835487493,63.16272933,106.8753853,6.414316144,4.476148279,114.7776989,9.765133461,1,Master,Moderate
S0529,50.65982264,D,1,43.10065232,48.53013014,45.77318056,51.90659294,1.571257218,61.91109234,65.13702371,6.329070323,3.089996085,49.45697165,8.021112804,1,Bachelor,Moderate
S0530,79.23336803,C,1,87.55973069,89.93322186,91.99800782,87.55816233,3.319318304,87.4710515,81.4635864,6.289070724,3.827787416,99.43363873,5.051049182,5.561122436,Bachelor,Quiet
S0531,75.59719373,C,1,84.7095555,84.58442071,83.10621737,78.80018488,2.13020107,76.6380828,75.74777982,6.920788552,4.24540301,31.81957681,6.842700174,3.726589149,Master,Quiet
S0532,90.62784986,A,1,94.98447203,99.07330353,103.9605288,97.23184159,2.116033161,87.92960478,65.5515761,6.587708415,2.751183072,90.36840195,7.890985585,2.180682969,Master,Moderate
S0533,83.24058068,B,1,94.81502604,101.7660638,95.96537984,105.2452613,2.61987435,88.57272778,72.36442331,6.880669395,5.585492526,72.23540503,4.169588206,5.588036336,High School,Quiet
S0534,71.48904358,C,1,70.54874381,73.33779534,73.03745925,65.47494634,4.995171743,71.68404799,100.2920788,7.463477554,1.669874334,61.20840647,4.089461585,6.872748994,Master,Moderate
S0535,76.07431346,C,1,82.29430783,82.34607093,85.6239291,80.486994,1.219865227,78.20787239,67.34249723,6.735529641,4.357559036,107.6163917,4.776418004,4.237848963,High School,Quiet
S0536,92.95690927,A,1,91.96211514,85.40293398,94.0700482,94.04434533,3.314167273,87.13411182,85.65009795,7.554274146,1.0217979,106.8840923,5.50998661,3.716232811,High School,Noisy
S0537,70.25338495,C,1,86.73060649,81.40503817,90.92530899,86.46108224,1.330288632,77.69819815,64.54451203,6.699447261,5.623255527,32.00715344,6.577294741,2.414598752,High School,Noisy
S0538,53.05886572,D,1,53.6041456,52.07802207,50.51787966,48.69262769,1.61808332,68.55169137,66.57142188,7.922823744,1.562520666,84.85546102,6.924642843,3.16033012,Master,Moderate
S0539,71.51776401,C,1,64.77992744,61.73236643,61.98841867,70.38921672,2.758251767,67.91319185,79.58369695,7.725200831,1.474421151,63.10490019,4.828165654,4.083941334,High School,Moderate
S0540,62.66504757,D,1,47.10376783,46.16891132,41.60299667,58.70397144,3.041840525,68.86615238,81.42666978,7.482883103,2.665038165,67.40949014,8.040349475,1.275408345,Master,Quiet
S0541,92.31155924,A,1,92.4728065,92.75605612,94.67031265,93.45346379,2.035169633,97.92554198,65.20183496,7.033605736,2.86783143,104.8836665,7.57682837,1.717416068,Master,Moderate
S0542,72.97328857,C,1,73.33960489,75.98806867,77.23428741,68.81926345,2.265828523,72.36601844,72.88868134,7.649651395,2.071500362,57.88557944,5.766784593,3.972607075,Bachelor,Moderate
S0543,47.09892298,F,0,52.5753543,52.22286041,54.86421863,44.83055168,1.347868081,68.95871646,58.11023752,6.653378621,3.925608305,114.874393,4.081959301,4.430666253,Master,Quiet
S0544,71.13612321,C,1,76.94353764,79.37604586,85.31599981,78.23341755,2.212879135,74.8380593,72.53420407,7.036744664,3.21457049,46.16704437,4.465887492,5.6213175,Master,Moderate
S0545,80.653618,B,1,73.99705323,74.3194253,73.96907313,79.51643994,4.866233758,82.20329748,96.25909787,7.511414742,1.170877945,89.6450181,6.350168653,4.897134998,High School,Moderate
S0546,70.99632511,C,1,59.69894949,49.82161666,63.04265777,62.07478822,4.778829527,63.5231827,110.4852034,6.991912637,2.598260311,90.48945603,4.923846107,5.211645265,Master,Noisy
S0547,45.4771901,F,0,46.24566757,41.5489906,40.78716319,46.23364837,2.339513161,65.52576758,73.19565969,6.139794731,5.052164568,52.69756453,6.260917637,5.280403508,Master,Noisy
S0548,77.09317078,C,1,76.93652576,76.21608798,75.00102725,73.9901675,3.283415745,74.10331804,75.81295962,6.89929275,4.448507674,59.22755481,7.769095627,3.564902559,Bachelor,Noisy
S0549,79.75742205,C,1,68.61692355,62.56844984,72.09461234,63.15610539,4.638381564,73.27353883,95.71291459,7.267996676,4.624354268,105.1318643,7.283424567,3.49431048,Bachelor,Moderate
S0550,70.75515262,C,1,82.47751155,85.4771552,86.7230221,86.65126818,1.024735291,76.0836294,62.84414663,7.2383756,4.49058462,98.56247295,5.387055299,4.687630544,High School,Quiet
S0551,78.04261001,C,1,68.60899256,76.26274672,67.13915782,73.17785067,4.242734281,78.41624864,100.7941625,6.6052578,2.554865107,59.61862923,6.062934948,3.959565441,High School,Noisy
S0552,92.86507444,A,1,86.86998252,92.96379178,86.51198626,79.14133358,4.793478211,79.25008949,94.98752011,8.195105643,1.49831961,78.05608922,7.684187191,3.079612582,Bachelor,Moderate
S0553,71.87480888,C,1,70.35487613,69.28766178,62.7655074,78.30407102,1.365302937,77.93725936,55.7408895,7.132219973,2.36233592,35.55122666,9.165130168,1,Bachelor,Noisy
S0554,72.43852625,C,1,70.85158843,78.30521912,69.06644243,73.72194454,1.645790744,73.70530408,70.5420925,6.752688557,5.158926501,48.78712942,8.519280632,1,Master,Quiet
S0555,91.43077466,A,1,88.21594815,88.95928543,92.66786396,95.21392137,4.842985211,83.53561221,91.52685858,5.776186137,5.902353989,73.7238503,7.320400161,3.171603893,High School,Quiet
S0556,63.2788739,D,1,62.19155764,60.50612779,65.06758272,55.4809189,3.150160575,71.83455836,79.32082854,7.030219435,3.469235074,37.73763618,6.17375799,2.69517338,High School,Quiet
S0557,48.01085796,F,0,47.37083756,44.30382425,49.87416617,40.54171679,1.056786538,59.87629542,59.27976295,7.842311059,1.048501775,105.8999119,6.190307665,2.847551107,Master,Quiet
S0558,59.91367878,D,1,41.5830472,40.07069876,41.83191563,40.83820065,2.030527995,61.84335917,69.95711268,6.747630386,1.700224061,94.62055891,9.276503862,1,Master,Quiet
S0559,79.30019501,C,1,81.53254906,79.59166497,81.56786486,84.0464712,2.799774697,88.41794735,81.44356926,7.52101272,2.610402877,114.9270304,4.235461456,5.669413666,High School,Quiet
S0560,77.39991889,C,1,74.11702532,74.96910644,70.81541963,83.09882944,3.771635644,73.16803873,84.29818503,7.505089481,3.892926743,92.41202154,9.927895867,1,Bachelor,Moderate
S0561,86.66250898,B,1,78.72438725,79.52725715,82.21852935,82.25478181,3.932641513,85.22124434,87.95776886,7.500035558,1.375468229,114.6361235,7.986252465,2.179239099,Bachelor,Noisy
S0562,65.15596936,C,1,51.71302888,51.72825898,53.8178936,50.4996225,4.981686052,73.34700261,99.74550875,6.965048117,5.716786494,79.90613001,8.086826194,2.879313466,Master,Quiet
S0563,40.79390178,F,0,47.50043116,49.68512201,49.9605254,42.36858512,2.150044798,59.66944063,72.24843776,7.057527743,2.825418366,84.019675,4.227987024,4.643671406,High School,Noisy
S0564,53.08190074,D,1,40.79995661,46.75318799,38.1697824,46.94995948,3.152880407,53.12470528,82.01793995,6.755915939,5.56292109,117.9273949,7.633175649,3.639307682,Master,Noisy
S0565,66.18112438,C,1,59.28231573,64.03008641,48.51560114,54.45878861,3.133294191,71.15096237,83.51297079,5.419932313,4.902609014,87.79162322,6.908668361,1.531160814,Bachelor,Moderate
S0566,74.77309677,C,1,72.44547278,65.02098293,77.93123634,80.58781555,2.622581038,73.48569877,80.44500793,7.776232981,4.777186363,32.7707912,4.634673441,7.482650703,Bachelor,Quiet
S0567,55.48722866,D,1,61.57342248,48.80381681,59.1792352,60.15149923,1.676647575,80.12972734,68.72964633,7.537649753,4.033597899,95.1422499,5.667532065,3.921207505,Master,Quiet
S0568,79.21413222,C,1,64.06112071,68.73272027,59.74724189,72.01403107,4.909826253,72.20459806,101.3661901,6.617511522,4.133919085,111.4921823,9.341886737,1,Bachelor,Moderate
S0569,90.38156014,A,1,89.7287282,82.89433471,93.19612276,93.12338465,4.413268747,80.85336706,86.22157163,5.756950634,4.190016176,101.6022225,7.299930495,1,High School,Moderate
S0570,60.36385833,D,1,59.15405069,58.03022368,57.19398749,58.46907324,2.993332113,63.84122779,80.18445963,6.900932104,4.143606935,82.54499454,6.480499451,3.457364482,Master,Moderate
S0571,70.22499681,C,1,68.2694219,62.41885677,73.56910382,65.67244004,3.412981691,79.58423575,86.52735465,6.147444879,3.768641157,90.41731618,4.436092935,5.792389243,Master,Moderate
S0572,83.23583111,B,1,83.1009157,74.09101351,86.18594545,81.39637631,1.909044214,78.69453798,72.73514812,6.442805741,5.932070092,119.117261,8.284729164,1.629108731,Master,Moderate
S0573,86.64682651,B,1,61.80985303,64.51716667,65.22769964,63.95143649,3.175148282,71.12407051,78.28972894,6.807347008,4.661452837,38.15958797,8.21710494,1.219813983,Bachelor,Noisy
S0574,75.87322857,C,1,74.21476851,78.01054431,67.38498996,74.60055099,3.779880532,81.88639798,84.50360895,6.063878833,4.884731942,90.05203458,7.684261642,1.36917384,High School,Moderate
S0575,84.30442532,B,1,87.43000398,84.54745198,93.48972391,84.46094694,3.060668114,81.29371023,77.73617776,6.951789289,5.362314075,55.50579251,7.061575877,4.068950742,Master,Quiet
S0576,91.54504465,A,1,92.2236343,79.26842284,93.52988696,91.39547725,4.961140682,85.88217301,102.2934763,7.779327707,2.078198814,87.60813569,6.602706413,3.428100722,Master,Quiet
S0577,61.12292272,D,1,48.08904145,45.35781921,46.24265575,48.4819266,3.445366625,63.96167868,89.62307152,8.06220543,1.419020795,84.68612183,7.559626558,3.981125819,Bachelor,Moderate
S0578,90.63278367,A,1,90.96231938,92.92133941,91.67926172,80.31864891,2.48389485,88.89778225,72.80164797,6.980087197,3.414472183,43.81111489,5.40037271,4.073144935,High School,Moderate
S0579,84.21439925,B,1,67.06639612,59.67183828,58.18521995,69.35723669,4.08860811,76.48691974,95.42589267,6.221116923,3.570403478,48.60719812,9.647554385,1,Master,Moderate
S0580,49.8981359,F,0,54.20344136,55.12024096,56.24670541,49.30483523,1.681850046,66.00115202,67.43589951,6.945163466,5.1459089,85.94666202,7.532767175,3.28282707,Bachelor,Moderate
S0581,69.70615938,C,1,65.25246659,65.17591735,60.10560905,59.48580458,2.538063255,72.9444786,74.75920366,6.899138932,3.218917896,41.54069526,5.867154666,2.509870372,Master,Moderate
S0582,77.87403128,C,1,93.90179164,96.79824914,87.13844021,85.46506991,2.387835802,85.09200076,72.82143687,6.14883039,3.854265128,53.86627876,6.698079105,2.088457535,Bachelor,Quiet
S0583,59.08770259,D,1,67.09399517,67.69189701,59.48219924,58.12453268,2.72722838,66.15893555,81.00534063,7.585413275,3.635354693,105.1720993,8.834108733,2.263376238,High School,Noisy
S0584,64.52785076,D,1,58.08133857,53.21599386,63.64478044,51.30410105,4.127119304,70.32867357,92.89908212,8.692399585,1.191013919,59.43823554,4.969696364,3.858369706,Bachelor,Moderate
S0585,81.23031238,B,1,74.83704699,80.8199045,71.69073002,71.2919422,2.936692129,86.8794823,90.74604842,6.756553591,4.076074483,73.92541406,5.757013735,2.42393525,Master,Moderate
S0586,67.3014477,C,1,53.20800903,52.41536117,60.87664758,62.97430472,4.176057801,62.18540881,87.4994548,7.537495649,5.140216429,114.7026302,8.077048136,3.791479052,Master,Moderate
S0587,63.99951927,D,1,44.17248305,44.03596035,41.49347573,41.54308467,3.305955613,58.22109297,85.65006464,7.509406542,1.78750274,50.443418,5.892935239,2.713247113,Bachelor,Quiet
S0588,55.62783666,D,1,47.08838471,42.42204491,38.55159492,47.97713524,2.368277739,59.19055349,71.03677234,6.618274447,3.97165867,65.06634156,8.755010091,1.429109307,High School,Quiet
S0589,53.2044823,D,1,47.04252114,44.82610989,41.45989894,49.04492808,4.239914975,67.14421946,88.05271481,6.494354956,3.968052722,84.5811998,4.782720923,5.28636427,High School,Noisy
S0590,64.77267583,D,1,48.35464814,43.93063457,54.53370624,49.00997407,1.953158682,66.41975134,69.47725114,8.272263758,1.82092482,97.98050366,8.576117023,1,Master,Noisy
S0591,45.91692901,F,0,47.6354945,46.7707642,46.85600361,47.24827719,1.897531919,63.02505879,69.66208159,7.124732699,1.617317869,111.1488048,4.410110289,5.322572688,Master,Noisy
S0592,71.90218743,C,1,75.24811096,83.80665336,72.50667448,69.27164215,3.018011696,73.03396017,94.77098474,6.597556741,5.900259715,112.3925689,4.075555676,6.372857573,Bachelor,Noisy
S0593,62.38576992,D,1,50.00340464,43.14389893,50.80349577,57.25804238,2.043396984,65.46358628,69.51324076,6.829839328,2.968595848,99.89760669,9.389341113,1,Bachelor,Quiet
S0594,52.46994347,D,1,59.01170058,50.94389359,61.52061426,68.0476838,1.03634814,61.68273965,54.71258775,7.128714026,2.137108644,50.54977529,7.488035302,3.415485382,Bachelor,Noisy
S0595,93.01289816,A,1,89.32336254,96.67921418,94.91035662,80.91006907,3.593190109,85.37881411,87.29695468,7.95813803,1.856622722,32.2328397,6.110961383,3.501547303,High School,Moderate
S0596,76.20708685,C,1,66.06789021,65.02127183,73.31038636,60.94774726,3.044375286,77.39156704,70.07055267,6.508579006,4.338008568,64.53965373,5.395567822,5.31693662,High School,Quiet
S0597,84.06401952,B,1,76.71567562,73.37031193,74.91683239,75.31662391,2.782071258,72.10184213,77.36092867,6.583434364,4.047226487,42.73939659,7.7013147,1.609356232,Master,Quiet
S0598,60.88599886,D,1,49.47759292,54.67711635,42.84735449,44.65490394,4.867874058,57.07620507,98.758867,7.301074164,4.217760615,93.93488827,7.054013101,1.535519482,Master,Quiet
S0599,79.81684955,C,1,50.57589603,47.54781834,48.50857023,53.1057238,3.284796736,73.18513748,86.82096927,8.366689605,1.440030138,89.50175281,9.949586653,1,Master,Moderate
S0600,68.78602182,C,1,42.24777389,51.37782246,43.54917643,38.60641288,4.453726311,58.06508875,99.40537436,6.682043026,5.467672917,33.95744775,9.89929592,1,Bachelor,Quiet
S0601,57.30435142,D,1,49.29142847,52.68105783,44.47263384,60.11670881,1.557800945,70.32545346,63.06016135,6.788715517,2.946331984,105.2934401,7.810147397,3.199438571,High School,Moderate
S0602,63.92796624,D,1,55.32246865,52.88291161,50.53671407,61.27521162,3.276825853,66.891246,82.01518845,6.974641641,2.566847032,52.38689397,6.657223037,1.828203454,Master,Noisy
S0603,68.9155146,C,1,49.73557664,60.5221177,51.45451604,50.79844679,4.471918507,64.05801423,90.88858092,7.046415461,3.311807236,68.90043679,6.946845815,3.327193026,Master,Quiet
S0604,59.4205498,D,1,44.87863936,41.85006474,44.6353776,50.01357067,3.332423029,64.63138318,77.68391752,7.275365932,2.950330329,90.11403619,8.094874397,1.639201409,Master,Moderate
S0605,53.62873667,D,1,46.63497291,50.34544977,46.79895789,52.16447503,3.872056713,58.89749217,90.27004102,5.91070154,5.317885016,68.64769082,4.609447265,5.287904161,Master,Quiet
S0606,60.90264668,D,1,65.34283224,66.83929514,61.55035557,62.5230948,2.488174271,73.33390184,68.51381497,6.667627507,5.646304876,69.71590225,5.970112443,5.393494852,Master,Noisy
S0607,53.90728205,D,1,51.34835451,57.85706096,50.19635094,47.26726829,1.369798068,63.76673018,61.62484618,7.28757684,2.517266082,35.90651958,4.451633446,5.109939187,Master,Quiet
S0608,61.92650291,D,1,60.03484236,67.84239834,55.41367664,60.42555767,2.831601181,63.41495396,73.34014201,5.546242129,5.319679037,66.12991943,4.440164557,6.171437004,High School,Noisy
S0609,66.02527007,C,1,67.6879499,67.84797064,72.13894195,71.99613052,2.577917563,75.53138532,78.52759157,6.063252064,4.907615648,98.83631039,5.175035451,4.8625279,Master,Quiet
S0610,77.20452733,C,1,77.97171557,74.20462622,83.14796225,78.66701757,4.46824073,77.66931875,103.6895578,6.051724155,5.654038362,112.3658703,6.911519528,2.936461567,High School,Moderate
S0611,48.7814343,F,0,42.16216769,44.46202841,32.93122838,34.27718528,1.975981209,60.2959597,63.25187218,7.294945687,2.228751561,67.21474234,8.708645927,3.591323197,Bachelor,Noisy
S0612,84.95985421,B,1,83.96757194,80.57899509,79.32001764,79.95344972,4.86693691,75.93298125,89.40427669,7.779200673,3.884795751,68.12272442,6.912975347,1.645682907,High School,Quiet
S0613,79.44745192,C,1,74.53452142,84.60145766,67.05187515,74.1646571,4.832552479,85.22426255,97.70109037,7.407268776,2.372722924,93.23643957,6.012859663,5.276272172,Bachelor,Noisy
S0614,42.67666262,F,0,44.49674676,45.17942341,41.24662709,44.11841874,1.990526572,66.63194431,69.9837547,6.043472319,5.120472452,114.8494801,4.494117942,6.162288623,High School,Noisy
S0615,83.64500374,B,1,88.04682433,86.22021657,87.62963448,97.90953521,2.392207822,88.84419158,75.01537475,7.802329116,1.026620953,54.03548462,7.301773139,2.218701866,High School,Moderate
S0616,79.16075012,C,1,90.64798203,91.57138356,83.39975593,83.71804232,4.582222963,83.7967675,93.59062706,6.676727382,3.824095814,69.61297859,5.627611519,6.001706999,Master,Moderate
S0617,63.07736754,D,1,43.35928779,36.62365634,38.74998873,45.887234,4.866488884,53.03372945,97.66169234,7.353573973,2.696017156,101.6375919,7.689605068,1,High School,Moderate
S0618,68.49402626,C,1,55.22827065,50.37020046,50.20848379,62.67383619,2.773756411,77.37872224,79.57511617,7.506258283,2.613418535,84.87242124,9.863126435,1,High School,Moderate
S0619,79.7179983,C,1,84.34107039,90.34313993,85.37740704,95.69831912,2.283988183,81.86504765,78.04203629,7.337255838,4.224531619,39.95277096,4.667885929,4.123631867,Master,Noisy
S0620,76.94574112,C,1,81.15428297,77.86981158,81.50100466,79.13229586,3.104376053,76.83314251,71.26851668,6.410630078,5.257422247,86.4959462,5.272752392,5.139331073,Bachelor,Noisy
S0621,57.11694523,D,1,50.14865606,44.91410115,46.5399683,52.60580333,3.751076825,67.1583359,85.66607106,7.605687177,4.045976957,46.80716561,6.838567229,2.04836867,Master,Quiet
S0622,64.27059542,D,1,51.51421278,54.19747655,52.39831714,54.36301457,2.093898061,71.59271033,72.00802458,6.874251863,5.265864893,75.91943407,9.811682892,1,Master,Quiet
S0623,82.21260913,B,1,60.37596565,66.30448643,57.64256523,61.35337431,3.945892698,70.07273005,84.86904646,6.94938456,2.322985559,77.61929409,8.630858658,1.182704927,Master,Quiet
S0624,69.73867425,C,1,66.64876419,70.24353074,65.29048863,66.15453818,1.206629428,79.71725793,70.72214244,8.025675051,3.597509274,108.8583026,9.389375159,1,Bachelor,Moderate
S0625,79.40369337,C,1,74.00401243,78.98425086,82.37127289,76.18388938,1.197177971,82.41700591,58.79473031,7.187692448,3.252682695,71.62448466,6.002289091,4.386358155,High School,Noisy
S0626,71.04312968,C,1,60.29025018,56.50627473,66.99255544,47.62901975,2.545150821,64.76321915,75.24504477,7.264970399,1.058224498,55.149818,9.952230843,1,High School,Noisy
S0627,56.61283053,D,1,65.43940939,58.33035605,58.9415032,68.84975684,2.413892768,69.35075417,76.91903817,7.691238311,3.784060716,50.78697134,4.616996896,4.294368261,Master,Quiet
S0628,75.01661953,C,1,81.1109016,88.61756986,85.25956369,81.74179112,2.262532861,85.34313662,69.66890467,7.746602306,4.307621621,108.6826689,4.317837436,8.483535553,Master,Quiet
S0629,54.68777262,D,1,42.01757616,40.40417696,46.07455893,40.90520168,2.964079051,47.44572526,70.40792527,6.795615762,3.959572022,45.3909769,9.133615762,1,High School,Noisy
S0630,68.7240536,C,1,53.88403194,52.62986686,48.1427155,64.11834292,2.282934329,66.1947375,70.68607066,6.343755022,4.681399494,68.32817048,9.563589221,1,High School,Moderate
S0631,74.40772405,C,1,79.23422722,85.87519793,83.32811544,75.85955713,1.769031674,72.4629576,72.83751952,6.756803229,3.856697642,46.84558034,4.543512145,4.614389165,High School,Quiet
S0632,81.90731772,B,1,89.23637607,92.01752612,96.92603566,87.22099613,2.237878196,82.23541903,70.69430633,7.957240481,1.333751274,99.59736361,4.68056456,4.052158751,Bachelor,Quiet
S0633,79.4598727,C,1,68.14225932,70.42169818,62.52953529,78.10002583,4.899617091,72.57702921,94.76399941,8.164260041,1.58222762,72.6935376,4.199044947,6.62710067,Bachelor,Noisy
S0634,63.92414793,D,1,69.26624169,80.09125341,64.67872758,65.10593517,2.644453668,72.84189896,81.07289773,7.090531799,3.982372888,61.60293215,4.627045376,5.694607284,Master,Noisy
S0635,39.13625859,F,0,45.89446062,42.67686947,50.98276796,43.14388421,2.778851107,60.18592405,76.13463659,7.338392816,2.37489596,62.49896766,5.256518901,5.142193901,Bachelor,Quiet
S0636,82.73411807,B,1,64.60768018,69.24688082,65.96515673,63.87255306,3.30617996,66.81812184,80.51099553,8.329538192,1.398225645,106.6992786,9.820459713,1,Master,Quiet
S0637,87.36121073,B,1,69.29394966,69.57901528,72.05133103,73.49762207,4.933363074,86.10653116,100.0809112,6.899177648,3.148013717,79.83965589,8.007161333,1.71348842,High School,Moderate
S0638,69.65826177,C,1,53.3358777,54.67883909,55.03882378,54.37489024,1.966405106,76.00524887,73.51780211,7.383975772,3.77161299,94.6081066,8.671318153,1,High School,Moderate
S0639,67.15832887,C,1,54.8083777,62.45071983,56.76185731,48.34525097,3.725128442,61.59385975,99.15985208,7.062849618,2.643729942,110.7334665,8.656836422,1.261970394,Master,Moderate
S0640,67.87172961,C,1,60.75062897,63.28980775,54.11826833,58.08978616,3.863938774,78.28589824,92.77556828,6.834860926,4.602168511,111.1567508,7.210442499,3.624890937,High School,Moderate
S0641,56.83492914,D,1,41.10391588,43.79539627,46.34050441,38.06714371,3.429297667,58.55463049,90.0921765,6.677562805,4.218853041,59.56581489,8.784933866,1.551141546,Master,Quiet
S0642,65.91969929,C,1,57.71435411,63.07689079,63.56230407,57.32824888,1.354313359,69.50311442,61.01330259,7.172846367,2.664091805,115.7206137,7.574845194,2.925267635,Master,Quiet
S0643,60.71997773,D,1,51.62964038,49.80487674,50.48268666,53.75885868,3.707489103,65.49845039,81.9455505,6.378997948,4.774362645,32.23882938,5.887276586,4.612282323,Master,Quiet
S0644,57.32192476,D,1,58.01235437,53.81630603,57.79496962,60.10338315,1.256378844,65.70743398,62.87544519,7.399384452,4.243475213,63.91520049,7.366660653,3.517781785,Bachelor,Moderate
S0645,55.92791963,D,1,46.58691725,41.36287128,38.93137974,37.70685848,3.384570598,68.21272034,84.38155556,6.377368913,4.187226894,110.6218972,7.201051517,3.087098525,Master,Quiet
S0646,88.6588068,B,1,88.97900044,79.14721749,91.55027422,94.29870538,3.958324709,85.11893287,84.19068338,6.499742323,3.767138504,54.71731918,8.940718323,1.41812975,Master,Noisy
S0647,84.37811188,B,1,72.64758495,82.9286206,75.50787215,73.91042918,1.843879562,73.94103536,67.56232298,8.743412281,1.05694834,54.57733053,9.890363304,1.298442937,Master,Moderate
S0648,85.79272126,B,1,77.35062755,71.83458572,77.03967247,84.27328779,4.36648803,72.15236656,95.66146831,7.144163007,4.482535917,57.23600566,6.466255393,2.868698689,Bachelor,Noisy
S0649,93.58134403,A,1,83.40441812,82.29815001,89.02618492,85.62540976,1.121415222,77.23423399,63.0161192,5.943380464,2.880208956,85.10820464,8.580344071,1,High School,Moderate
S0650,72.61733156,C,1,67.41432094,66.03025444,65.74393479,72.92093573,4.375251455,65.50025989,96.27395381,6.003456065,5.713048551,69.44994981,4.598578024,4.215500377,Bachelor,Quiet
S0651,61.84939412,D,1,44.78061584,46.31764933,47.60364547,47.1133424,2.841316203,62.45142566,79.86798568,5.567028175,5.089923855,95.40613527,8.660988217,1.521926347,Master,Moderate
S0652,71.62088378,C,1,69.5408598,73.61954586,64.44253811,76.27198858,1.87035176,68.78710194,66.1684743,6.343112949,3.938472348,110.5419578,6.228501472,1.917766287,Bachelor,Noisy
S0653,61.15832384,D,1,72.27626149,76.57862893,72.15850074,74.88751467,1.53511258,74.81032818,62.78162267,5.752469694,2.260909909,90.67794374,4.236340977,6.225813119,High School,Moderate
S0654,92.98024833,A,1,80.99917108,78.08378389,80.12739979,80.50959485,4.81322867,87.35009481,92.13752971,7.325929121,2.018586966,48.40200482,6.179477071,3.711329834,High School,Noisy
S0655,65.7291326,C,1,63.74127504,62.90566647,64.86781465,75.10344864,1.29066235,77.86713539,71.8304987,6.618451834,2.701924188,113.9413712,7.663856506,3.470783194,Master,Quiet
S0656,46.78194136,F,0,47.01691665,48.42981641,45.16928201,51.46210227,1.79637368,63.34707386,68.03098862,7.015100713,3.382839718,53.8043586,4.715501006,4.612581683,High School,Noisy
S0657,66.01750779,C,1,55.60767482,54.36421919,54.95031184,58.47639692,2.39128939,67.36841378,72.78862862,6.443341106,2.48032755,43.49048658,9.544206955,1,Bachelor,Quiet
S0658,61.69655237,D,1,59.9695263,68.00625418,64.09976216,53.58800422,3.480939396,79.3841359,80.16543355,6.969061683,3.574647477,38.0970551,4.46603448,6.656168854,Bachelor,Noisy
S0659,83.13566476,B,1,75.52544827,77.98032303,73.34162709,69.08391019,3.179204341,80.36650474,96.47033292,7.244486223,1.826852128,80.70453666,9.580040319,1.803095328,High School,Quiet
S0660,71.18038606,C,1,71.39280676,75.06719569,63.35992125,72.85638417,1.50257397,74.05737108,59.65909954,6.984407263,5.888564064,40.23862162,8.242825108,1.077022527,Master,Noisy
S0661,61.75856691,D,1,59.58531992,62.89972627,68.33323945,60.31292591,2.158911935,62.66256938,69.44487972,8.243791598,1.539622775,42.48982957,5.978273052,4.20350818,Master,Quiet
S0662,86.01349769,B,1,94.25833868,100.125708,101.1656091,91.18772586,1.955007084,89.09853543,71.62925502,6.694756592,5.659720698,57.00274325,6.344502086,3.949916891,Bachelor,Quiet
S0663,76.25971263,C,1,73.31761506,74.22272286,66.85630159,74.02252856,1.854171418,80.8054264,71.54277901,6.166326093,5.567890057,55.34877087,8.444856188,1.928797217,High School,Quiet
S0664,61.47604547,D,1,53.04747355,46.56331381,56.49601257,60.99060819,2.644577346,63.36547915,81.23543374,7.904649475,3.626802409,84.38155593,7.608826605,2.128597735,Bachelor,Noisy
S0665,57.78916732,D,1,45.59803599,47.59647575,43.08316214,49.07504837,3.81612581,64.25503177,97.19930064,5.836116953,4.624551359,103.5070752,8.029857529,3.251525869,Bachelor,Noisy
S0666,49.51576639,F,0,48.40725266,45.15046819,49.72468873,42.70221011,1.869811729,62.38575985,71.22890557,6.344148238,3.18024149,98.52146906,6.334987699,1.775308817,Bachelor,Quiet
S0667,58.72130075,D,1,53.52767506,50.88459165,54.99879571,52.97013093,2.466715519,65.84367553,69.38700119,6.713056584,4.150172888,53.62360092,6.926880891,2.651988874,Master,Moderate
S0668,57.26117999,D,1,48.83747553,51.76929562,47.66543653,44.81264313,2.563669707,51.97962748,74.35197145,8.316155148,2.702879687,52.07794482,9.939204904,1,High School,Quiet
S0669,57.69615248,D,1,50.26118632,56.45260168,46.34235799,48.32268674,4.905826118,64.02168614,100.597423,7.147092017,2.505795099,116.9212377,5.283537223,5.173687589,High School,Moderate
S0670,63.2140702,D,1,55.68023428,55.78659216,52.22752902,53.61215595,4.818665428,72.68696365,108.5277845,6.741032699,3.891148931,30.74126174,6.507137119,4.845621911,Master,Quiet
S0671,57.85108444,D,1,49.53554774,51.0797128,44.95458816,47.14731983,4.200550331,61.61076109,85.01647592,6.231850311,3.490648371,109.174848,5.750939125,5.447286268,Bachelor,Noisy
S0672,95.02238434,A,1,89.32209835,97.83317308,85.16298731,83.04642149,1.966635683,84.92368102,75.67923936,7.303660239,3.897681846,47.97556672,8.590669063,1.123789312,Bachelor,Moderate
S0673,52.23557894,D,1,44.41285601,45.61662191,44.07696456,43.7745826,1.272149256,58.42667447,63.62106441,7.746597255,2.433302906,115.2555891,8.584075754,2.71579549,Master,Noisy
S0674,74.94022421,C,1,68.84812643,81.856542,65.26932648,66.04508824,2.267616551,76.22627159,76.86531818,7.544100853,2.834789159,60.80765563,5.754672766,3.53128549,High School,Moderate
S0675,57.88958239,D,1,62.57182548,65.39937371,65.98208581,47.92458203,2.067178198,70.20329675,70.16180839,7.259542723,1.419489803,69.63165965,4.4883419,6.442545483,Master,Moderate
S0676,83.88737978,B,1,94.03082393,85.22701013,101.4670547,104.2956841,3.023703201,82.31920426,76.02486886,7.268232057,1.261381861,93.64085525,4.06859606,7.741926418,High School,Moderate
S0677,68.29380509,C,1,46.16213962,49.92884772,43.26187341,51.60598789,4.11091164,69.74382715,94.8634803,6.67325318,2.267285648,82.89021463,6.564703199,4.650240907,High School,Moderate
S0678,77.92719346,C,1,61.88205795,63.78784987,63.07908045,60.00055432,4.433291756,75.58568904,97.60507269,7.630565962,1.371234297,58.61453967,6.462025566,3.643744818,High School,Noisy
S0679,100,A,1,93.32087383,99.7696376,95.81929938,93.41496908,4.379456342,83.6359031,98.65484825,7.004134272,1.518873543,79.84478243,9.930339272,1,Bachelor,Moderate
S0680,84.89541652,B,1,87.60289192,90.96879868,89.96290328,81.74462019,2.438702245,86.29038751,74.32049927,5.891899139,5.064642027,95.76361959,6.818812454,1.65259625,Bachelor,Quiet
S0681,85.6608936,B,1,84.9389639,84.24668398,85.31874024,93.41757829,3.748937374,85.15654197,84.49026362,7.429844096,1.194368485,33.81014513,5.538510217,4.77202942,Master,Quiet
S0682,65.71833042,C,1,54.18465549,48.06316431,57.89806758,63.67109896,2.25133679,70.30383392,64.71943293,6.467007722,4.29471397,31.00793747,9.347376646,1,Master,Moderate
S0683,49.98007749,F,0,49.39881731,48.35370102,51.81006207,50.18228595,1.243622173,56.22812917,66.53308807,7.022174112,2.362788744,71.22602452,6.946407698,2.260457638,Bachelor,Noisy
S0684,71.11157658,C,1,76.7753771,72.52277482,70.58706498,81.89303032,3.806261062,83.42072125,90.18205804,6.625903777,5.357728404,41.8652956,7.595053811,1.214200388,Master,Noisy
S0685,78.51735567,C,1,91.1156794,88.21306215,95.46145972,91.9921133,1.03931021,82.70934489,55.56418894,7.012035474,3.424961423,89.79098623,4.574012263,4.965595405,Bachelor,Moderate
S0686,76.57533729,C,1,70.62195912,73.56485114,75.0584133,63.93833192,2.63673035,73.52183989,73.67443513,7.097557296,2.527882297,49.26472106,6.297498444,3.674532142,Bachelor,Noisy
S0687,79.97283891,C,1,71.43869792,79.78822044,67.6222674,69.37958108,2.317517077,88.90875772,70.84137671,7.015048061,3.588194678,68.95659961,9.665342047,1,High School,Noisy
S0688,65.00528112,C,1,55.39885015,57.3722078,55.58853933,56.05848999,3.773510154,69.20879198,80.32017938,6.631299451,2.909790095,47.79038432,7.537032305,1.86246106,High School,Noisy
S0689,79.66169559,C,1,82.32211133,76.34269602,85.73875629,80.04937273,4.064981891,79.22944329,86.56140693,6.906187715,3.821505323,79.36352272,6.067011131,5.002272576,Bachelor,Moderate
S0690,47.56351142,F,0,50.28740617,52.51041951,49.24083707,49.19413978,2.216378544,54.11723122,66.49463365,7.603501944,1.572664342,40.44481134,7.754003084,2.037791658,High School,Quiet
S0691,74.88659201,C,1,57.802358,63.78551544,63.16724824,57.34536021,4.246508058,75.84999967,90.40268552,5.452990816,5.984952514,32.07961675,9.462466537,1,Bachelor,Quiet
S0692,56.59016932,D,1,63.39900412,60.3500896,75.2183666,62.99461163,2.175667042,64.97345371,68.06318293,7.559513061,3.127779388,34.60184743,5.643943603,4.582348664,High School,Quiet
S0693,64.00688135,D,1,67.91857083,67.24848499,63.98864066,68.17986328,2.78530544,68.9420909,69.7180298,6.736937188,2.741153199,115.8832597,7.030700311,4.932852523,Master,Quiet
S0694,63.5127545,D,1,53.33253528,53.40597626,46.42731227,48.02950995,3.908074108,65.00950615,99.19369223,6.679840127,4.551049242,42.80575967,9.752143923,1,Master,Quiet
S0695,48.29470708,F,0,46.31602536,42.3915338,47.83511834,42.73094462,3.771680917,70.24007164,93.97951282,7.736356761,2.819497032,93.76304278,5.03437686,4.602767513,Bachelor,Noisy
S0696,82.22367967,B,1,73.58410233,76.8255045,77.19191486,67.16118101,4.949473889,80.6582511,95.59964178,6.912926921,5.166371525,36.11335838,8.317983554,1,Bachelor,Noisy
S0697,64.35793904,D,1,55.87468043,55.26993969,54.72034856,60.76375818,1.900644097,67.14815266,70.36854795,7.035760608,3.271353622,39.7344317,7.686886049,2.09370163,High School,Noisy
S0698,77.67146601,C,1,71.96810218,74.0657644,79.23440549,61.43986747,3.649271654,77.52551141,88.58004199,6.439412879,4.597792066,75.79886263,8.078050787,2.156877338,High School,Moderate
S0699,51.89430778,D,1,48.48994934,44.05248845,41.79692034,54.25790106,3.438727633,61.24304621,90.3427056,8.01257613,1.537266082,71.83838371,6.107317784,3.505101325,Bachelor,Noisy
S0700,79.17756286,C,1,66.4627056,64.2754141,69.92729872,73.39445259,4.660393818,73.92962125,92.51091305,6.768168711,5.230595928,115.6422278,5.883276241,2.451339121,Master,Quiet
S0701,72.41830965,C,1,69.29241879,72.90432558,66.26311469,67.78151586,1.625448567,75.01289312,71.71501959,6.28724051,4.678589934,115.0351908,8.105258024,1.044176587,Master,Noisy
S0702,39.74945522,F,0,42.85029453,40.98612876,51.44718406,29.83460909,4.007192654,66.26899674,87.33240002,6.984978009,2.058583892,100.1647778,5.293259711,6.16127875,Bachelor,Quiet
S0703,72.17779407,C,1,58.5132353,67.14805456,68.47581207,56.70668249,3.273074465,74.09250826,76.05143263,6.445893395,1.726430049,84.18916471,6.517928469,4.916072535,Master,Noisy
S0704,50.34245354,D,1,47.39280723,45.3946263,43.55952429,47.07188643,2.098663479,66.16629053,74.60731759,7.302577398,2.581461744,70.94642857,5.129047876,3.984312954,Bachelor,Quiet
S0705,47.5639689,F,0,43.48562338,44.609047,40.7378377,38.43263228,2.897739657,59.9310739,85.43118869,6.194545248,5.88035293,62.05606809,4.049829047,6.62292774,High School,Noisy
S0706,97.81253724,A,1,94.44781278,99.11076694,98.74575222,91.87172081,2.335106388,90.93301786,86.29060875,7.882848325,2.284157873,115.2378792,9.82034416,1,Master,Quiet
S0707,69.32176118,C,1,57.72946147,50.63763281,55.79380822,65.38043747,3.317253611,68.40488841,77.17390979,7.195336733,3.280636045,84.26179303,6.590217872,4.81409841,Master,Quiet
S0708,94.64317436,A,1,84.54309452,75.73905046,84.31603843,87.86773033,4.556002443,76.86197542,99.05462286,8.322084259,1.150101129,82.11652749,9.816097687,1,High School,Moderate
S0709,40.86318336,F,0,54.00523601,46.37695444,54.13217811,49.38241544,3.277219938,64.98617905,80.72319316,6.755476592,2.986137648,50.87110096,4.841941119,6.10770038,High School,Noisy
S0710,78.82313205,C,1,77.48264972,83.79557024,67.88428394,69.49465387,3.526889673,79.16395978,89.18569029,7.412095142,3.856600077,34.20280361,7.524200677,1,Master,Quiet
S0711,77.8669228,C,1,81.81253229,79.05324156,81.74334356,80.17744571,3.074991388,85.45734507,73.39746613,6.005854892,5.765623063,115.0669722,5.205844197,5.471792905,Master,Noisy
S0712,74.86066435,C,1,72.76013073,85.55112716,69.31149186,71.69284684,1.204662026,75.46242451,55.73277138,7.313693963,3.583680225,58.2361733,8.740444762,1.251881175,Bachelor,Quiet
S0713,66.83322644,C,1,65.93669037,63.11545238,63.47107626,68.41768631,1.931434228,66.92235163,65.43496816,5.741959814,5.095536631,69.8330121,8.702217933,2.149711138,Bachelor,Moderate
S0714,56.99052517,D,1,62.65125028,63.57400679,69.8694103,59.97466672,2.968006918,71.60933356,80.07488941,6.996876186,3.735638213,40.31759492,4.675642894,6.239224904,Master,Moderate
S0715,70.3923089,C,1,59.18775466,66.89830442,52.90522019,61.74525254,2.240941135,70.16115753,69.20400502,6.646478509,1.203925067,105.3231897,9.472386717,1,Bachelor,Moderate
S0716,85.6142789,B,1,91.12410293,101.1545674,95.19012887,100.7998731,1.727054391,86.49123961,70.56581563,7.093918844,2.575041376,32.48686496,5.167777883,4.231392478,High School,Moderate
S0717,88.95806222,B,1,85.68406743,95.99158531,84.28925278,89.76157254,3.016531368,87.44139129,85.29978677,7.056852735,3.877747539,105.0591686,7.67786405,3.101832133,Bachelor,Quiet
S0718,97.67885104,A,1,93.07648009,99.11831124,91.67767924,92.83603755,2.291239174,91.63285624,75.91027944,6.013624775,5.75296983,42.62565115,9.913801721,1,Bachelor,Noisy
S0719,60.03728251,D,1,46.83634729,51.95665992,50.78820677,45.92059494,2.032430573,60.44711928,78.41824393,5.886085646,5.295651799,109.7907701,9.294379209,1,Master,Moderate
S0720,86.67817917,B,1,80.19771114,83.16034588,81.89796761,78.41434547,2.85594167,77.01813828,80.63854984,7.780525813,2.141778071,95.67953736,9.739383571,1,Bachelor,Moderate
S0721,80.44732699,B,1,91.60872513,95.50053051,94.46179011,97.51192969,1.533137032,80.60336901,59.24688677,7.31810386,2.10054915,44.82032363,6.055592627,2.467242956,Master,Moderate
S0722,67.85505492,C,1,49.96781864,47.21189006,54.80874194,46.83125141,4.710982932,68.47798767,103.9267119,7.153455226,2.005864836,80.92361936,4.633453853,4.856254987,Master,Noisy
S0723,61.14092585,D,1,43.65729471,39.56630029,42.00075279,43.88340825,4.470808392,69.07274789,91.68230274,6.337199616,5.612494482,58.13906829,5.13008124,5.972610806,Master,Quiet
S0724,91.44658188,A,1,80.76163571,80.74476342,77.70045204,81.01762522,3.830482343,78.80540822,92.85691593,7.739335341,5.263330766,46.0409789,7.00296937,3.174860429,High School,Quiet
S0725,75.23779305,C,1,71.59602122,70.74509811,66.17026859,69.08710026,1.42485531,74.59085779,72.11722419,7.114426277,4.874417161,107.3263979,8.75937807,1,Bachelor,Quiet
S0726,74.41136151,C,1,86.30058272,84.03444248,82.17353007,79.43825498,4.103509018,90.48420415,93.31853023,7.692184163,2.963675571,66.31704899,4.900921865,5.903934073,Bachelor,Quiet
S0727,58.40199497,D,1,47.68748071,51.16941795,62.43295284,49.30235323,4.231829312,66.37152962,84.83749906,7.161202103,3.521903521,65.86893429,7.958389194,1.209134185,Bachelor,Noisy
S0728,83.91479686,B,1,83.73970215,88.5162282,89.96310006,83.43468229,4.071058471,84.0510296,86.11952388,7.086745019,3.321658724,45.28980073,5.941465624,4.15388465,Master,Noisy
S0729,51.81409031,D,1,51.0895026,51.53153703,44.33413077,53.59070495,1.455863548,59.59016877,71.17235782,6.121861694,2.266990538,64.47591085,6.047212434,3.773157193,High School,Noisy
S0730,61.59729263,D,1,49.00107686,56.38872726,42.38878707,46.33307533,3.575631828,67.89417878,84.91070485,6.602967758,3.525140231,108.4455162,7.971506381,2.807624245,Master,Moderate
S0731,66.11480932,C,1,49.03461889,43.32617332,51.44394919,55.13872538,4.337299183,59.87162774,93.7708595,7.413967972,1.152482739,62.68158394,6.801996517,1.620775112,Bachelor,Noisy
S0732,84.67725663,B,1,84.80160961,83.83331232,87.5379336,80.41774071,3.309413605,76.73070388,86.88825813,6.564838408,1.659051867,115.6443206,8.872199758,1,Master,Quiet
S0733,85.40627577,B,1,76.58584714,73.00173554,79.33026631,85.14604856,3.585629501,76.55906569,89.33790932,5.791407711,5.432947981,115.1678009,4.935511058,3.426243283,Master,Noisy
S0734,80.87695202,B,1,68.76859836,59.43591528,67.49381939,60.03041581,2.833453918,71.45533556,79.72853824,5.582062114,4.758398835,43.04087934,8.739689619,1.00071366,Bachelor,Moderate
S0735,51.78059638,D,1,59.73567663,59.3222732,59.10840533,61.90952695,3.11482928,68.75983984,80.10495094,7.046535469,3.114342045,45.95801282,4.385411488,6.826016015,Master,Quiet
S0736,66.70020534,C,1,88.24602974,87.6372922,89.88542737,90.62318316,1.137507433,76.9181067,59.81173211,7.333657442,3.585751811,107.6406663,5.164323281,4.330229509,Master,Noisy
S0737,74.19784283,C,1,61.58448091,69.15172962,62.01394594,57.60669557,3.555852088,75.58632199,89.84801501,7.69838893,2.84999443,65.3484827,7.936898287,1.552417775,High School,Quiet
S0738,88.04416802,B,1,84.91296917,88.06702759,73.81646731,87.03493886,1.325788852,88.09491606,66.02573617,6.79622243,4.703899336,30.39365841,9.129553939,1.742170485,Master,Quiet
S0739,60.90579813,D,1,64.15241997,59.03148585,63.00342182,70.55001332,2.740058377,62.33949761,76.11408377,6.042021061,4.920935896,54.64846377,5.516077766,5.552471792,High School,Noisy
S0740,63.32567714,D,1,60.73194362,70.00240645,56.47491145,49.64784942,2.170620391,75.25826084,77.11676547,5.589039635,4.816425951,83.78660939,5.963149635,3.948279298,Bachelor,Noisy
S0741,69.28574019,C,1,65.44738821,71.55255669,66.32344531,67.96111225,3.181711801,68.67105096,81.17194743,5.737648063,4.613058624,101.9339369,7.22272449,3.461990364,High School,Moderate
S0742,58.66758125,D,1,56.57578308,59.4862716,71.50207809,44.10942898,1.533665342,72.57276922,61.07834255,6.758752203,2.022521693,42.00497554,5.269436839,3.65360862,Master,Noisy
S0743,92.39179414,A,1,81.11851591,79.98609542,82.95592424,76.29019189,3.766573608,80.21702549,83.87088258,6.748615182,2.689849896,39.9487228,8.86693757,2.511036764,Bachelor,Noisy
S0744,79.21268099,C,1,67.64962146,62.85242527,66.08197302,75.79545328,4.180046148,73.96868855,86.9067573,6.915357599,3.349227175,112.9883388,8.64181987,3.506886424,Master,Noisy
S0745,53.33667747,D,1,52.77169823,50.91066435,57.38070574,49.86278807,1.653417799,65.46036087,65.17212791,6.696728404,2.653964957,97.6033531,4.871750272,5.649465519,Master,Quiet
S0746,77.29810357,C,1,89.47660153,94.92034463,91.89004097,83.60720171,1.417252349,90.79894679,70.34114489,6.737077647,4.774701001,83.08016407,6.782978391,1.132689988,High School,Moderate
S0747,78.29222962,C,1,61.11401718,70.53694871,63.21448963,60.12432853,1.582061931,64.35906853,61.79514341,7.089832962,2.646767621,99.2268111,8.6489666,1,Master,Quiet
S0748,72.08656609,C,1,69.89540736,77.611625,72.92966033,80.23493905,4.508510248,77.98690537,96.02748128,7.497924726,1.691160434,68.59689252,6.023977187,4.588848135,High School,Noisy
S0749,92.66492171,A,1,89.8559661,87.41171899,100.1386839,80.69755487,3.112757047,90.43463388,77.84412374,7.671564598,2.99520226,98.26101726,7.798640936,1.779876067,Bachelor,Moderate
S0750,64.18215202,D,1,74.33308978,68.73500261,68.6786476,69.07654022,2.869043984,80.74824529,77.38889463,5.640012484,5.899572164,63.46226921,4.301278729,6.970919826,Bachelor,Noisy
S0751,52.82887988,D,1,46.42939224,47.13382347,48.79755262,53.91655065,1.426847276,74.83819069,56.7182667,7.57053017,2.129407065,51.96851152,7.652132563,2.936024701,Master,Quiet
S0752,89.68331012,B,1,91.6907668,82.84856997,87.05886115,100.9792785,3.598224027,83.20064959,84.87954912,6.774775397,4.060793295,95.61120792,4.91591788,4.377606619,High School,Quiet
S0753,85.40355734,B,1,74.52394292,76.13978149,77.30150615,74.0067868,4.471998368,82.04849557,93.75145678,6.883797285,3.164865249,67.77050629,8.983499951,1.04876486,Master,Noisy
S0754,66.47092223,C,1,58.41980881,57.68179587,53.82637625,52.22454529,4.312743477,68.67945123,95.82887449,8.036091309,1.355122838,118.3239394,6.132696781,2.973469998,Master,Moderate
S0755,50.70329427,D,1,47.659964,45.32978149,45.57312993,58.13918151,3.504218836,69.99701238,86.15859293,7.407692168,3.43938303,61.45366641,5.689323176,4.128091945,Master,Quiet
S0756,85.88331434,B,1,83.67138541,75.69787007,82.19593584,91.64359737,1.301114867,81.79724773,57.01918804,6.173508109,4.510821643,112.9554678,9.04533386,1,Master,Noisy
S0757,66.42703737,C,1,74.10400158,76.67200211,78.98308517,77.49873651,1.449588109,75.11262188,69.91687231,6.839089744,3.566099879,113.9666294,4.300864138,6.873897662,High School,Noisy
S0758,65.04927355,C,1,69.34036006,66.67685586,73.93263228,65.27834831,1.197235948,81.20054105,63.02387469,6.532446746,5.360530319,51.76676524,6.379652796,5.736359261,Master,Noisy
S0759,86.66843777,B,1,89.16409207,83.31450789,82.93550519,88.91894536,2.029916866,82.12423634,71.29113625,7.130091101,2.444685083,101.8399063,6.220021243,2.348790423,Bachelor,Moderate
S0760,85.11492294,B,1,83.37284662,69.01153555,83.64751717,82.57104621,1.542645869,74.62279451,65.38054692,7.863136909,1.431245857,68.97670546,5.708802245,2.367981468,High School,Noisy
S0761,66.09568867,C,1,48.34211839,48.20454386,44.79421911,49.99637491,2.040192161,61.58682478,67.81313437,6.435747591,5.682828058,112.5772255,9.470525992,1,Master,Noisy
S0762,70.20596692,C,1,57.14471373,66.00597171,50.85218918,64.39972092,2.540232223,71.6675216,76.49133393,8.048986096,2.890981748,70.51118454,8.505570361,1,High School,Quiet
S0763,64.5514402,D,1,53.66690269,61.97319876,52.58181744,58.0639879,4.771931136,73.7936451,100.0972535,6.070252105,3.882027757,96.98733456,4.383538985,5.662672619,Master,Noisy
S0764,80.29447538,B,1,80.91704609,78.63156481,79.37463215,75.53016571,3.441504239,81.01416992,75.68056393,6.450777316,4.960015631,72.02706682,8.288124697,2.460811417,Bachelor,Moderate
S0765,62.72387803,D,1,41.84428391,38.83322361,53.97786634,48.72676616,4.339895143,67.51312729,90.70514724,6.759278248,2.621568319,50.50206801,7.163794799,4.330347098,Bachelor,Noisy
S0766,86.35585541,B,1,71.34393267,73.68780395,73.50873179,72.90959337,3.841406003,68.88109173,87.13932518,6.92780692,4.580822691,47.94151161,9.405207366,1,Bachelor,Moderate
S0767,70.26613949,C,1,81.93522772,76.94330052,75.04714021,85.3705567,1.450012522,78.75129653,65.78097825,6.68828578,1.677094249,68.28880748,5.877673704,3.929171071,High School,Noisy
S0768,99.0147407,A,1,88.22211002,89.73106952,85.39824,95.55481432,3.943681625,82.66817943,95.40337128,7.436215734,2.456468736,97.99451913,7.444971998,1,Bachelor,Noisy
S0769,68.60135745,C,1,58.81449618,62.64489757,63.92141266,53.25659493,2.100395526,68.83445095,67.14525119,7.16790983,1.723553181,84.45643367,7.004531648,3.021653501,Master,Noisy
S0770,83.05784925,B,1,85.16915176,91.30381788,95.61136562,84.99002386,3.556431388,83.00504782,83.07450465,6.116073229,5.056152792,91.97663609,6.937365437,3.133921823,Master,Moderate
S0771,52.38099048,D,1,46.08474553,45.58397515,38.15482897,43.42747278,2.363847895,66.49692755,71.07580839,6.642777045,2.113246176,55.40937157,6.736632397,3.902324417,Master,Quiet
S0772,85.58364891,B,1,86.55487605,85.53650729,77.15525412,78.71557892,4.990689053,81.05340383,95.89925258,6.391356694,4.587017777,73.32918114,5.233776853,4.057735045,High School,Moderate
S0773,56.13683456,D,1,47.01187643,42.62196349,56.36670231,48.74542632,2.054205918,64.20108165,68.8061267,6.827302669,5.716491986,33.99557385,8.534259535,1.030687865,High School,Quiet
S0774,61.50008646,D,1,61.85080098,57.71639921,63.79887187,74.40858374,2.116521883,70.69978604,75.01922993,6.895747345,3.638861045,103.5779174,6.708016196,1.813981548,Bachelor,Moderate
S0775,84.62685011,B,1,83.85124512,82.71885066,79.50978146,74.6508564,4.722689022,77.29617304,91.95771275,7.203796421,3.700145961,119.0902946,9.75109765,1,High School,Noisy
S0776,45.20471961,F,0,48.2454585,50.08228604,50.91860393,48.08405545,1.098577619,63.55439581,63.12484816,7.840770559,3.30516784,66.61911564,5.564850563,3.326652346,Master,Noisy
S0777,61.70543989,D,1,52.60882674,57.17674987,39.43008804,55.81154141,3.786755951,65.58611572,79.35804836,7.343042577,2.629450717,30.98672878,8.096463038,1,Master,Quiet
S0778,91.10162364,A,1,79.72389126,75.70799651,79.74076879,80.33928227,3.901305563,79.03654281,86.20636565,6.707117668,3.378275155,45.28133756,9.644302478,1,Master,Quiet
S0779,91.9445646,A,1,79.60200951,87.06545235,81.24111537,79.03636925,4.34551431,79.95980204,91.8076966,7.029414809,4.014037661,88.727419,7.980749938,1.501116005,High School,Moderate
S0780,91.3707688,A,1,75.26311981,73.9075018,79.88447051,68.76703799,4.897757243,78.00992761,107.3518708,5.948864569,5.929957861,85.08713864,9.227637446,1,Master,Moderate
S0781,83.05313807,B,1,78.16716445,78.06032797,73.09768468,79.33109816,4.902407677,76.92210633,97.65006524,6.041141819,5.688822797,100.9078248,8.964885759,1,Bachelor,Quiet
S0782,60.78606164,D,1,69.84984438,66.11378599,70.27828019,66.0660245,1.26110703,81.28849586,51.60485294,5.646824163,5.310764791,52.84956099,6.160706293,1,High School,Quiet
S0783,55.81926677,D,1,53.84894824,41.72774694,49.22182511,42.89933971,4.287357291,61.07707097,82.87912838,6.829432942,5.445652679,98.7268724,7.60074364,3.907567109,Master,Moderate
S0784,65.02158193,C,1,59.01327964,63.43350662,60.29019842,64.98624075,3.585239735,65.90178928,86.02254528,6.805224937,3.339245916,91.91856194,4.937568039,4.062161438,Master,Quiet
S0785,61.86037701,D,1,49.98787442,53.67209391,45.51114281,54.77980352,3.589368537,78.89375533,88.96253965,6.804882632,4.287221636,59.05330479,7.213155296,2.374424634,High School,Quiet
S0786,80.87889597,B,1,89.96478087,88.55814309,87.92427668,90.22308576,1.513399706,79.79243366,67.01127635,5.839418951,5.475333615,79.09393333,5.382531831,3.162576004,High School,Quiet
S0787,83.91146399,B,1,72.08654871,72.4215023,67.10747174,73.23192215,3.600748666,69.27450098,86.84533719,7.328547667,2.964753825,43.25464276,8.46242089,2.509509454,Bachelor,Quiet
S0788,71.53698257,C,1,62.04682792,64.62652401,65.30250913,67.41841799,4.929930322,74.69579769,105.1106012,5.876385663,5.808812392,70.73080531,7.168350531,2.975078406,High School,Noisy
S0789,69.14678323,C,1,65.4103192,57.59758992,69.70257478,66.53201748,4.647274278,62.31956033,93.77478668,7.005466546,3.07893031,109.3077606,6.467364176,2.706270539,Master,Noisy
S0790,86.56575466,B,1,92.10058368,89.45532029,90.92748083,96.62067145,2.756522643,84.87392229,82.03977921,7.237289018,4.005413327,67.90722418,5.612782577,3.994987812,Bachelor,Quiet
S0791,55.2556957,D,1,48.43432717,52.40565057,48.62551715,46.94691617,1.159791893,74.94628821,53.43784451,7.030672586,4.549023566,105.5610036,9.992190891,1.685989031,Master,Moderate
S0792,66.65269331,C,1,72.24264076,65.97119365,64.99968369,78.80255945,2.44917396,68.39664077,69.96700044,6.263096944,5.752960065,83.12280287,4.430263125,5.496767443,Master,Noisy
S0793,69.15133563,C,1,67.82387734,69.291667,66.3254941,69.42780597,4.305561246,64.00211624,84.02040549,6.449010073,2.22308137,47.26890418,4.261364083,5.556902379,Master,Moderate
S0794,81.15379385,B,1,73.62998295,66.84707393,73.37895986,74.60024267,3.805996406,69.31908546,86.68573756,8.077208818,4.730654891,82.29956202,5.303544403,3.755074111,High School,Moderate
S0795,51.14920935,D,1,40.99606011,43.32821002,54.10002557,34.64575467,2.837374622,64.9898279,78.14244014,7.791706106,3.604077931,75.53849962,9.826434752,1,High School,Noisy
S0796,90.81712385,A,1,87.96681499,87.78860758,82.40697986,89.40159426,1.220406141,89.6072911,62.77456887,7.658501702,2.342785703,65.87772017,9.87542901,1,Master,Moderate
S0797,89.60516376,B,1,91.26650554,83.19084646,98.58739173,87.10673095,2.707578911,83.07030878,77.38520588,6.15848785,4.883034199,40.76673956,7.929566409,2.395918704,High School,Moderate
S0798,72.60007196,C,1,71.0823251,76.90602187,76.06661896,67.89091146,2.876099759,78.95722457,74.12323093,6.814870499,3.761111401,67.50377975,9.280640003,1.818944461,Master,Quiet
S0799,73.25032836,C,1,78.31579531,74.64283743,79.71897734,74.23891717,4.714222132,86.10917429,96.19101709,6.436829054,4.304869103,36.54861386,5.283770385,2.46773308,High School,Quiet
S0800,92.3266357,A,1,90.73746596,86.68620378,99.53056839,85.40629131,3.564344414,94.30546505,78.1562108,7.847576367,2.614505343,38.88921463,9.832252565,1,High School,Quiet
S0801,81.11040708,B,1,78.89812489,79.90097087,80.75865225,89.5219819,2.246611667,78.21738604,79.28226154,7.109340518,3.406369759,67.43248796,4.856709101,4.562549809,High School,Noisy
S0802,57.83541756,D,1,48.38964736,54.13283411,50.33544334,55.04634267,3.101273058,52.68746509,79.49460021,6.381886694,4.086771255,57.48433338,4.606751129,5.389768022,Bachelor,Quiet
S0803,62.14295819,D,1,71.69585981,66.61675071,71.43025654,81.29769732,1.264221231,71.74353529,60.19778172,6.857256229,3.024554071,113.2989893,4.673269235,5.181697073,High School,Moderate
S0804,84.39837472,B,1,73.36932755,73.6777268,79.48717196,67.25485245,4.890272943,74.5506428,106.8474311,7.963035262,1.991862699,63.81352248,7.43876754,2.439543775,Bachelor,Moderate
S0805,64.71133802,D,1,63.32718692,65.47126942,68.80953309,63.68345567,2.440239608,70.36889948,68.19116341,7.057588185,5.808202462,98.20723099,8.685846404,1.722249654,Bachelor,Moderate
S0806,77.88715718,C,1,80.50443296,83.969961,77.37604652,74.03689483,2.91146942,79.31291947,73.48675863,7.696964472,3.5573377,77.72227737,6.200003067,2.896703822,Bachelor,Moderate
S0807,89.00373964,B,1,91.39018581,92.27239359,84.79394984,87.91171143,2.421135897,91.2895659,68.73025735,6.977635477,4.669601851,93.36771018,9.867375927,1.066765516,Master,Moderate
S0808,98.89740671,A,1,90.90626821,89.07112901,89.89136502,86.31563329,3.73004692,91.82527624,86.9611123,6.957116775,3.055235968,53.41043847,6.606520829,3.826931613,High School,Noisy
S0809,61.10242869,D,1,64.79616543,60.65821432,60.79597261,70.99408546,3.648928633,71.53971444,88.64744448,5.546545441,2.77565882,114.7714476,4.902691305,4.777476431,Master,Moderate
S0810,59.43304097,D,1,46.22809252,46.65881194,45.91046965,44.24694413,3.861289242,68.60647064,92.31126976,7.237833564,3.035821492,77.70796472,6.795800489,4.805107503,Bachelor,Noisy
S0811,99.89359781,A,1,94.16626594,88.80557088,100.3534566,99.50816261,2.072572918,88.8714398,83.58570577,7.085290655,3.045983219,104.8191664,8.074222993,3.482193043,High School,Moderate
S0812,86.32415079,B,1,86.13939475,71.53264234,83.85288648,89.1599992,2.262673925,83.39222724,61.37957698,6.953720874,3.72090058,62.85411241,8.993354683,1.939540672,Master,Noisy
S0813,49.3347115,F,0,46.85644747,49.03924649,46.64233056,58.37464123,1.501004924,67.96094452,68.05372719,6.911743869,3.71734935,39.01902141,6.75260974,1,Bachelor,Noisy
S0814,83.39127386,B,1,90.64630354,95.16597775,90.93641722,83.24908243,3.622039887,85.68441201,83.43474601,6.291138195,3.485769079,90.63404829,7.561640956,4.017304136,Master,Moderate
S0815,78.09462386,C,1,87.84429991,76.02963774,92.08645432,94.14046611,1.159188509,94.21120584,58.65980935,7.776525601,1.673928925,30.69836835,5.604068273,5.19069025,Master,Moderate
S0816,71.23395271,C,1,68.53609314,63.48743962,57.30164647,74.26829749,3.390729342,67.07599074,80.80843278,7.271994939,3.480377393,72.77636789,7.875499158,4.130909479,High School,Moderate
S0817,93.28773487,A,1,72.52014897,75.61592027,69.48664749,67.65325478,4.478783539,73.68421999,90.24398704,7.78751354,1.845519502,47.35217124,9.915831664,1.321632928,High School,Moderate
S0818,71.60080247,C,1,61.94514871,72.23262606,63.00156717,66.9808154,4.563328593,70.33997987,104.0559101,7.984084822,1.630678931,86.4637954,4.294321436,7.284021242,Master,Quiet
S0819,55.26711291,D,1,43.01189014,43.11585867,49.01228492,44.69261495,2.796151041,63.70320852,82.17299705,6.603057246,5.663228587,118.1477886,9.319184024,1.559470826,High School,Quiet
S0820,60.05431162,D,1,58.43584829,54.79583358,55.97633605,57.29846699,2.837214753,75.55772658,78.48812742,6.587560275,4.024750066,71.79626157,7.373695017,3.974998182,High School,Noisy
S0821,63.75861225,D,1,84.15693967,83.24245747,74.77417614,80.03726224,1.307876732,81.956477,69.83384608,6.675346489,4.297450291,103.5748431,5.512591957,6.481531783,Master,Noisy
S0822,60.86324338,D,1,40.25476127,47.12914336,43.3533185,36.65921401,3.683060102,53.01623239,79.26795619,7.142871928,3.008968352,75.70057683,9.72933826,1,High School,Quiet
S0823,62.72831669,D,1,58.34245444,55.11263355,55.1656425,68.59151492,4.285037681,73.3837967,86.19685116,6.390378387,5.54490446,74.6256028,6.900125818,1.527643638,High School,Noisy
S0824,63.20591626,D,1,61.89927815,57.90331811,55.95094485,61.90269224,1.978620218,74.7244329,58.89636352,7.242213094,4.189652448,113.7381144,5.99014151,3.70239759,Bachelor,Moderate
S0825,67.05454343,C,1,69.55675816,67.14304055,66.43503121,73.46740817,2.685203527,65.06908578,73.35496256,6.868079572,4.845849348,110.0969282,5.08898577,5.30095983,High School,Noisy
S0826,91.37994686,A,1,90.5920589,85.82541586,89.66943211,86.63756199,4.355357347,85.27700878,94.3620661,8.185828016,2.842812345,100.7220419,5.466713262,4.608174323,Bachelor,Noisy
S0827,66.32133451,C,1,59.04902969,59.66238127,56.02530637,55.14976496,4.508481871,61.57380569,95.5991116,7.363216669,5.800059404,56.6630178,8.99709425,1,Master,Noisy
S0828,63.41562835,D,1,59.0824261,67.2058184,48.05459582,64.49235015,1.972719921,66.21795756,70.47390877,6.509132856,5.102306451,79.05075742,7.686460056,1,Bachelor,Quiet
S0829,85.18969394,B,1,80.56256865,82.17796501,85.04789963,73.81468759,3.202282538,75.76723969,74.96754123,4.500749531,5.269742315,50.150751,9.479473717,1,Master,Quiet
S0830,63.1274111,D,1,64.87198675,63.61021924,71.24636196,62.79591791,1.769972603,76.48231687,71.71549974,8.060124832,1.860971337,69.95250282,5.391810713,5.415928843,High School,Noisy
S0831,51.03618766,D,1,52.35326526,50.89420892,55.61087522,52.52340232,1.407515057,66.7607835,65.27328816,7.023367019,2.354816039,73.57917592,4.726831443,6.853508328,High School,Moderate
S0832,62.37845879,D,1,64.88417339,57.06821934,59.19574504,65.4410364,4.644482006,66.01413169,100.1100915,6.87081814,2.428132998,104.8476036,4.036525186,6.880042428,Bachelor,Noisy
S0833,58.99469497,D,1,47.74713612,52.16268501,46.73967845,46.8516697,4.282030017,68.27389788,83.35648928,7.094413528,2.354546116,110.6425529,7.047172226,4.010255061,Master,Quiet
S0834,70.90755229,C,1,49.70128426,49.31209827,49.66867768,51.68038316,4.040139607,57.68161301,91.95885037,6.193566233,5.277040811,67.31580562,9.989841582,1,High School,Moderate
S0835,64.70501443,D,1,67.4102275,66.50782793,70.40419945,70.87450628,1.195065275,75.3556827,56.01182655,7.958307712,1.159423976,31.59340006,8.169791613,1,Bachelor,Noisy
S0836,72.16510085,C,1,63.04089972,79.00643756,66.38260217,66.71408745,4.374915171,67.45039651,91.76253545,6.806132127,1.380499945,107.5596456,5.850367552,3.694411867,Bachelor,Quiet
S0837,93.37312869,A,1,90.31652456,91.8102891,86.64565556,85.38750552,2.752176304,83.32987687,80.19358753,6.750267321,2.369574353,45.68508107,9.261151498,1,Bachelor,Moderate
S0838,73.05710696,C,1,59.93166445,56.1727092,60.34164223,58.51088896,2.369580493,72.48718597,74.15127296,7.571769815,1.999364873,85.96937675,8.690333596,1,High School,Noisy
S0839,64.59890872,D,1,71.93235927,69.80057128,74.21876129,77.90617357,3.185905444,78.57342663,77.60135454,7.663682594,2.159298069,32.24738104,4.092490996,5.962203869,Master,Quiet
S0840,86.34821352,B,1,74.77453584,80.51676438,82.05364745,79.24777177,1.365412971,84.07211329,63.68549549,6.823856039,4.989715946,65.95558277,8.901162883,1.540256877,High School,Moderate
S0841,43.62936214,F,0,40.72019511,41.28654717,44.24272781,33.85589785,4.026586197,59.94882906,82.6081854,6.46179197,3.815632969,118.7364272,5.803160543,5.049854645,High School,Noisy
S0842,84.16849733,B,1,76.49455546,69.30316557,80.4398389,78.25195496,3.329740308,79.77953205,89.04874006,7.202211183,1.028853306,39.0624241,4.898040788,4.823839348,Master,Moderate
S0843,58.11972031,D,1,49.79197818,54.38812285,50.21111132,39.90085193,1.746360387,62.70730248,66.43718378,6.802698435,3.146613829,68.13238368,5.357985038,2.738255556,Bachelor,Moderate
S0844,80.38372669,B,1,92.85886746,89.51814703,99.91116319,93.09354197,1.752928799,87.33938314,73.12203771,7.208108986,3.039424634,57.64349552,6.811478826,2.705643454,High School,Moderate
S0845,47.4632337,F,0,48.17645003,57.54293891,50.22526401,57.66528511,1.736994606,66.28565525,64.73728763,8.27182078,1.569726347,111.4579311,6.549207562,3.494502835,Bachelor,Quiet
S0846,60.40555043,D,1,62.8043268,68.20456713,58.49888725,58.06486322,1.22800955,70.91061417,59.66221556,5.662068724,4.380708943,108.2406097,5.733323796,5.489484126,Bachelor,Noisy
S0847,48.08446111,F,0,44.69423174,42.45762227,51.71108159,40.52261652,3.351193797,53.32836345,79.69100404,6.536489839,4.510485942,51.39288843,5.033309933,4.398882225,Master,Moderate
S0848,98.20564473,A,1,94.82808385,101.2331657,98.31760021,98.64823276,4.36139271,89.07139641,97.99479676,5.952320951,4.604466095,37.30690083,8.573384738,1.939158891,Master,Moderate
S0849,77.89624254,C,1,67.62072557,67.96000312,65.40550546,59.90671799,1.069992856,75.63317017,57.15277277,5.781172243,4.642354728,86.44245547,9.940658702,1,Master,Moderate
S0850,68.56933442,C,1,72.74617595,77.01004433,70.34871112,69.5824008,1.19601858,72.97222059,65.18316296,8.183399082,1.000264135,60.27318407,8.666749483,1.377151051,Bachelor,Quiet
S0851,45.89380562,F,0,43.68920626,46.11287034,45.17208398,46.67141194,3.291081107,55.42266795,80.99854908,6.541431081,5.769604019,90.48759515,5.775621806,5.154911513,Bachelor,Moderate
S0852,78.42640158,C,1,81.24782587,77.0160426,83.56374985,78.07639663,4.277982742,88.00330869,82.90001092,6.703403607,5.071043835,32.89077805,5.468853768,3.870305035,High School,Quiet
S0853,37.76066718,F,0,51.54480762,48.32705846,52.53126895,50.36495768,2.306955562,68.22963136,70.21798528,6.804540375,5.519908483,42.00593117,5.305995256,4.118818294,Bachelor,Quiet
S0854,83.60131037,B,1,89.39298592,94.54279001,90.94952929,93.11391447,2.398457595,83.55108781,68.08903488,7.436675609,1.078216477,91.77350095,4.820170447,5.16792873,Master,Moderate
S0855,57.53097862,D,1,51.28268023,49.60880357,59.7824671,53.39041064,3.38538599,59.9561757,84.02337352,6.082893048,5.669293979,49.11335898,7.307983298,2.051870197,Master,Moderate
S0856,58.69230126,D,1,50.48782464,48.46958232,55.8455404,51.82191662,2.096851556,61.13483818,65.01647689,7.578182515,5.048942643,107.1828908,7.632402232,2.875610059,Master,Quiet
S0857,53.267186,D,1,42.01023173,37.23461883,42.96340969,40.31462034,1.106433464,67.51806785,65.69421015,6.320885758,5.186095715,35.27317989,8.233015964,1.053791732,Master,Quiet
S0858,80.32149118,B,1,65.96368198,68.08167731,70.67023488,67.81398756,3.940914072,73.67015069,88.95376142,7.927634979,1.466436924,49.39337845,8.081280226,2.145023982,Bachelor,Moderate
S0859,74.58367411,C,1,71.06626233,81.37888693,65.90364281,70.44759893,3.502599652,72.78019583,84.13801654,6.595023727,4.693890145,119.8704224,5.753999868,4.145827364,Master,Quiet
S0860,52.33543212,D,1,43.61397517,38.2763106,45.60361042,45.90300322,3.323023996,64.35543374,86.50970065,5.3359957,5.799583448,68.97684923,5.981866032,4.233059932,High School,Quiet
S0861,87.66637025,B,1,82.65401892,82.7751162,91.70055067,80.16935879,3.966736516,77.25501852,94.48689983,5.659864486,4.392736707,93.26690972,8.089087213,1.451171392,Bachelor,Moderate
S0862,69.17513379,C,1,64.93088591,71.99198869,63.84065643,64.01804104,3.70092335,79.96965811,86.90873974,6.554665783,3.852807023,46.4396744,6.096685845,3.564225861,Master,Moderate
S0863,68.35108892,C,1,68.84146481,68.44325786,64.60329517,63.89167585,1.823527953,81.18473508,64.37927803,6.809606109,5.728148389,84.88818615,5.275739138,4.82027013,High School,Noisy
S0864,67.52853525,C,1,64.24195108,66.50381006,60.98150664,64.06691303,2.409924188,69.78810518,65.2293938,7.429740146,3.214685609,95.34954615,6.246016922,3.956057584,Master,Moderate
S0865,56.4760086,D,1,62.04196835,56.73000071,56.59380316,57.98696403,1.504440567,67.87763294,61.61415688,7.258098233,3.996467832,58.30289723,5.632504945,4.363293139,Bachelor,Moderate
S0866,61.72100561,D,1,70.78021822,72.92175371,66.85640868,65.20998597,1.519428054,62.29944312,62.1082193,6.49196947,3.381691467,104.6007401,4.529876327,7.175486029,Bachelor,Moderate
S0867,62.2711591,D,1,48.53821353,47.6024922,46.68567303,49.83151927,3.704782985,56.86120291,87.58311712,7.108666913,5.664231107,84.30758206,8.980833414,1,High School,Noisy
S0868,70.90976407,C,1,50.00604718,54.93469716,42.97821208,51.06974606,4.434400428,58.30567471,92.61826987,7.10342626,1.380423634,65.02107087,9.118668335,1,Bachelor,Quiet
S0869,95.77205169,A,1,87.39820916,93.33513941,87.47630083,91.31257783,4.850930335,84.37505628,101.9489682,7.054732648,3.505598504,80.1878154,5.318501801,3.107869177,High School,Moderate
S0870,76.57201617,C,1,92.03635042,104.9841686,96.54773629,89.88072257,3.51338847,84.38700669,82.06896835,6.664395193,4.434762207,81.90847627,4.388633197,5.983448282,Master,Moderate
S0871,69.05124239,C,1,60.5320124,63.43017826,55.99323149,62.57227663,1.736405293,63.53932876,67.0788471,6.425203282,4.959532692,44.89817634,8.432964624,1,Bachelor,Noisy
S0872,58.54126445,D,1,54.89095702,56.51993861,62.48737664,57.64494488,1.422601382,66.0396583,70.14595103,7.494768098,3.915093237,66.24591329,5.269171755,4.452517989,Master,Noisy
S0873,77.46525733,C,1,75.41997488,76.39189639,77.97393532,77.64384392,4.251403886,80.23667318,94.22316493,5.984068124,5.544588721,60.90875292,6.360612937,3.267322738,Master,Noisy
S0874,67.82526239,C,1,62.48037941,60.71454795,67.63328234,58.352111,3.315025905,73.87938645,82.85007135,5.612210202,5.709957234,66.08124503,4.384811513,5.896079613,Bachelor,Quiet
S0875,39.35369934,F,0,41.39624956,43.08866878,38.10707679,42.14306697,3.473140084,51.19977338,81.72167863,7.613518908,1.321596116,98.49995296,5.357617509,4.089591574,Master,Noisy
S0876,68.8238766,C,1,48.58839286,47.1113858,52.86101899,50.40909434,4.125848355,63.65287903,88.09232657,6.896530824,3.011852698,73.42845667,8.75741367,1,High School,Quiet
S0877,86.42450653,B,1,79.37847259,80.22077747,73.91880308,79.41436492,3.813108911,72.77253241,83.87802284,9.353502927,1.117295109,114.6284538,8.826378681,2.609477783,High School,Moderate
S0878,78.23832018,C,1,76.24081681,82.82880448,80.69205431,65.80842851,4.337833011,82.62905189,90.67329579,7.544128752,2.647083287,56.4308772,5.242508949,5.042057841,High School,Moderate
S0879,44.0409004,F,0,41.49027959,36.45756676,42.34947629,42.29272771,1.224855622,64.66587188,66.02688541,6.690027385,3.68434109,67.41332205,6.015483071,3.423466077,Bachelor,Moderate
S0880,62.707231,D,1,52.20846891,57.90786171,54.97472501,63.2711241,3.990082547,61.61409832,88.79138411,5.80575182,5.553974653,100.8261129,4.805430515,4.943735814,Master,Noisy
S0881,46.80089792,F,0,52.70911381,59.29468915,46.83114078,50.90891747,4.403411029,62.52433089,87.28524495,5.490024311,5.232771612,79.1422134,4.445035782,7.200319171,Master,Moderate
S0882,87.3959413,B,1,76.9541009,76.36375826,72.47875169,73.31371541,2.14454017,76.1707152,80.28624816,6.996140867,1.637498633,79.23253318,9.953030287,1,Master,Noisy
S0883,53.98398427,D,1,41.08407958,30.47480508,44.07022067,42.95082238,3.561789096,49.27807281,87.21771692,7.617925324,1.465151874,34.80061467,7.933563707,1.377159669,Master,Quiet
S0884,56.88612968,D,1,45.72597201,42.68686207,40.98423199,47.28786306,2.256648255,64.54282687,65.53176555,7.529763318,3.946336694,65.87396964,7.252579055,2.062424795,High School,Moderate
S0885,100,A,1,83.9953847,90.48035743,86.31141616,89.95906052,4.831884266,80.63346962,96.10959802,7.462667613,3.660589862,54.36603592,8.592991002,1,Bachelor,Quiet
S0886,53.61035913,D,1,49.81995641,49.7056161,42.98426738,43.53061563,1.13369429,69.76085362,61.89137481,7.414980954,2.331888207,119.9401611,9.040462958,1,High School,Noisy
S0887,82.96441438,B,1,75.90103593,70.90452477,80.141907,79.55793719,3.319171375,72.45847188,91.71467422,6.18923654,5.497265423,57.75195636,8.840288608,1,High School,Noisy
S0888,47.14089869,F,0,53.10005296,50.57617835,46.93743638,56.05216326,1.666014188,63.45441174,61.11957959,6.443356564,5.636832047,109.6046881,4.099236696,4.776563207,Bachelor,Moderate
S0889,63.77047705,D,1,45.4692766,49.67237673,48.23077629,44.75854392,3.848880821,55.20201201,93.3690118,6.836763844,3.013057192,90.86103615,5.120847389,4.049832236,Bachelor,Moderate
S0890,51.96987301,D,1,53.3744705,56.10813835,56.50262517,55.06790709,1.703561134,61.66578244,74.03304347,7.223728162,5.451512786,60.68247683,7.929431813,2.662139206,High School,Noisy
S0891,72.6550673,C,1,79.72468125,78.53002076,76.24082216,84.87196866,1.941533048,73.95243065,66.27205895,7.029481568,2.919744471,78.91809405,6.254556087,3.364206626,Master,Moderate
S0892,84.7563293,B,1,87.06330575,85.22918369,89.97343858,91.42488265,2.977483244,88.51152127,78.38726435,6.551605823,4.684084159,105.6482292,9.894895906,1,Bachelor,Moderate
S0893,92.00543668,A,1,85.66209255,83.70330181,86.96430387,79.94699599,4.6593398,79.33973703,91.41185176,5.878175461,3.379711088,109.5031468,7.992428756,3.277659269,Bachelor,Quiet
S0894,65.32536179,C,1,61.84509413,57.23304321,59.15088485,65.94588506,1.846857489,71.54342549,67.45126918,7.418407842,1.612915783,44.43544875,9.739293452,1.555713698,High School,Noisy
S0895,66.22206975,C,1,76.74468251,84.82156096,71.70190909,76.42123949,1.576960084,76.46852424,65.58665097,6.726340767,5.639671006,60.56158271,5.20867889,4.509196167,Master,Quiet
S0896,74.49332507,C,1,51.27413625,49.6625339,41.46100779,51.63850674,4.035907327,59.28974179,93.65732326,6.484993821,3.270482967,60.17008622,9.183742169,1,Bachelor,Moderate
S0897,58.91132272,D,1,56.12312516,62.20891777,57.8713754,56.48911012,3.002478129,67.22006047,85.47569865,6.222909272,4.672435202,33.78403165,5.928113835,3.207455851,High School,Quiet
S0898,100,A,1,89.29847002,96.90505028,81.47445616,88.54725507,4.64714045,87.64475167,92.73092417,7.545594787,2.835869072,83.84139839,9.937388849,1,Bachelor,Noisy
S0899,41.23386663,F,0,40.71510579,45.70666028,41.19182679,46.67364328,1.586458229,54.31875593,56.02795697,6.93335007,1.094404393,106.9338048,4.946132032,4.849160734,Master,Quiet
S0900,56.43143229,D,1,44.7029692,42.54486763,43.38572812,44.2843794,3.583711572,66.39704855,85.73089182,8.078104966,1.502651793,64.3416949,7.098038913,2.515466197,High School,Quiet
S0901,74.22382298,C,1,51.43374403,53.45239448,54.82945791,45.83601339,1.931516585,61.46826741,70.7828535,6.689598836,3.481097397,96.60323505,8.757067203,1,High School,Moderate
S0902,37.36469879,F,0,41.45927121,41.33829318,39.94904372,39.49162193,1.627041715,58.31471598,67.51750558,6.470769354,4.449821786,86.49303722,6.595854884,2.634478707,Master,Noisy
S0903,63.30877452,D,1,49.97894893,45.46043963,48.33171,50.87242251,3.733717661,67.64289008,85.70381037,6.635957808,2.673676633,63.80838619,6.808504361,3.51155383,High School,Moderate
S0904,95.53015714,A,1,72.06728585,73.68908226,75.72663937,78.21335977,3.37473848,72.71646214,84.37114529,6.845790441,4.477442296,42.69538195,9.918134773,1,Master,Moderate
S0905,74.29953316,C,1,63.17835028,57.28315133,64.85364043,66.19382371,4.019309833,71.77704944,97.77032238,7.881982608,4.493177947,93.83914675,6.551848902,4.443019792,High School,Noisy
S0906,87.74509501,B,1,89.09694411,95.03534105,90.6777239,84.84426772,2.237850306,82.97501791,74.2871739,7.034844759,4.519679537,106.9108652,7.624432604,1.841722753,Master,Quiet
S0907,72.88613236,C,1,84.9593959,82.63630941,87.30573384,97.38534548,2.791886626,83.12653798,76.05202413,6.529074588,3.46260927,91.72690432,4.327237964,5.523126092,Bachelor,Moderate
S0908,71.61398194,C,1,58.79995434,59.80575262,51.12209373,60.1238309,2.621886705,57.49628164,73.71787797,6.895481068,5.574430751,31.60906356,9.053260481,1,Bachelor,Quiet
S0909,76.60480335,C,1,54.26828884,55.6847282,58.05223224,60.64524253,4.936357856,57.98573534,98.51431677,6.80786545,3.44598259,49.4609605,7.889008294,2.098625768,Bachelor,Noisy
S0910,56.1848475,D,1,60.88308245,59.58855758,63.94542642,60.12451028,2.168995827,73.52137625,79.87365808,7.7118447,3.251325967,36.25319864,6.424120617,3.24755844,High School,Moderate
S0911,65.21181614,C,1,72.46622184,75.39969085,67.3828062,75.13301806,2.179268953,81.41901795,70.87618599,7.804266973,1.996904095,81.33474896,4.09701724,5.852902161,Master,Quiet
S0912,53.78427026,D,1,54.74350025,52.36898196,53.52309788,58.94084277,2.418192835,62.8193166,74.08295663,5.766946586,2.538275437,98.0829911,7.550012924,3.921695975,Master,Quiet
S0913,58.52889437,D,1,74.32818993,78.68467642,74.13165349,80.41916349,3.258376325,75.9439532,80.1721954,7.134458445,1.211672463,39.95212684,4.075946971,6.101751075,Bachelor,Moderate
S0914,51.11279557,D,1,62.51764087,55.78774247,61.84515695,67.8044824,2.009290977,72.7324167,75.58782656,7.221889671,4.167676468,105.4504039,4.007221683,5.198119132,Bachelor,Noisy
S0915,86.13535055,B,1,70.36259495,70.99449284,72.03189478,74.72357995,4.661159762,78.64738548,106.4107839,7.40302502,2.24267872,79.99580806,7.696591373,1.592088717,Bachelor,Quiet
S0916,66.08936282,C,1,63.9869591,73.6816041,71.14379301,62.41152545,2.062742259,61.85509319,72.88048784,6.731889144,2.520776272,92.09721109,5.134102404,5.461028782,Master,Noisy
S0917,59.51565217,D,1,56.19561677,51.19396015,61.60445041,53.33688657,4.583262926,63.66760715,96.24649378,6.22698346,4.854072608,117.4261664,5.151325298,6.147367993,Bachelor,Moderate
S0918,92.14800138,A,1,92.16493188,88.77620703,85.60383592,93.82796943,1.413900255,84.41956904,64.32291671,6.256049915,2.636105916,37.53128894,7.919629395,2.362288626,High School,Quiet
S0919,83.76845059,B,1,81.99831868,84.56785793,85.10866863,86.66395904,3.62625081,84.51486033,74.34097415,7.292519518,2.21097946,111.1101621,4.322183128,6.366529617,Bachelor,Quiet
S0920,62.07247095,D,1,47.70622467,48.60413358,54.35089126,46.59262116,4.627942074,76.34526475,100.0051751,8.551758239,1.845288746,41.34924264,5.880433369,4.729304354,Bachelor,Quiet
S0921,74.21964247,C,1,87.76573867,89.51888917,89.69978128,93.0915985,1.674997754,82.7428407,67.42080962,6.940179092,4.874292011,65.3662926,4.896591413,6.522473001,Master,Noisy
S0922,85.69353593,B,1,66.8087159,69.25465155,72.26361803,74.07179963,4.87330784,66.36947064,100.8747887,8.600649114,1.64853129,106.6294827,7.481058219,1,High School,Quiet
S0923,90.31372287,A,1,89.20037248,92.37397982,99.26172471,84.61876788,2.811533442,86.61152663,74.55802345,7.460567905,3.268768801,111.5628813,7.970590928,2.696628011,Master,Quiet
S0924,87.62809393,B,1,83.99203908,89.54053829,89.11058681,79.80743556,4.782860434,88.60099849,95.90631994,7.453344498,3.53465058,75.57345062,8.326815122,2.656920922,High School,Moderate
S0925,66.9893472,C,1,63.38674275,65.43583603,64.63328572,62.68486745,3.707280175,72.23344198,85.01767706,7.655954475,4.436949563,83.46941744,5.531387302,3.129888992,High School,Quiet
S0926,47.77822205,F,0,41.23581196,40.02952368,46.46125433,42.7738753,2.206347479,56.08466325,77.17158972,6.938706406,4.166417412,93.73326011,4.53549851,4.578833306,Bachelor,Noisy
S0927,59.13905597,D,1,54.77725477,58.14012327,55.50169393,52.1544197,1.7532101,72.17859709,65.63830181,6.39030533,5.053603365,104.9482802,4.472101942,4.67711531,Bachelor,Moderate
S0928,80.50986539,B,1,69.78988181,79.28929148,69.90939702,76.5508952,2.214940185,78.212669,82.56270346,8.149201607,1.22375717,40.93600526,6.556909291,2.714300513,Master,Moderate
S0929,78.25812248,C,1,74.84130209,74.17813336,73.08423091,76.9616364,1.372069637,72.29024682,65.87500847,7.982259031,2.482203624,102.9062377,9.675066454,1,Master,Quiet
S0930,59.95064271,D,1,54.1838227,49.31117618,62.00088949,54.38105794,1.575471865,68.99903944,59.37630535,7.0398165,2.400670594,73.31485355,5.306374205,4.936228608,Master,Moderate
S0931,50.03810353,D,1,47.66458407,53.19998742,43.57244074,40.48503645,1.418641761,68.81861988,63.54368615,7.1201901,1.730084528,70.55610826,5.540449608,5.325225043,High School,Quiet
S0932,77.98911932,C,1,85.92116302,85.3192572,93.58300165,79.34208394,2.691774175,88.87003172,73.65936614,7.335660635,2.445891269,68.15097768,4.605332813,6.475984145,Master,Moderate
S0933,100,A,1,94.14211994,83.27877221,96.64144056,95.54716619,4.182313505,86.73881509,80.8512227,7.651101462,2.548826571,75.82904267,7.633421643,1.528755295,High School,Noisy
S0934,73.74702137,C,1,68.91296003,73.15006841,61.91642915,58.2499819,1.565534217,72.66608278,73.65269687,7.316218831,3.60942231,115.0545498,8.079237244,1.076059758,High School,Quiet
S0935,60.68281915,D,1,49.44236072,46.76571979,51.28060719,54.50554777,1.521281733,70.85754947,68.72853004,5.992359482,4.318522395,79.33833955,7.857587249,3.458234591,High School,Noisy
S0936,61.25060474,D,1,54.97690296,54.52423655,44.47677042,54.18613374,3.573715798,61.43764896,88.40319457,8.084152263,2.905502568,115.7859784,9.166781458,1.479962477,High School,Quiet
S0937,45.01061581,F,0,41.01148721,42.67138886,44.13902729,57.22695206,1.788731928,62.69864006,68.71433758,6.300212188,4.597351157,46.22611176,6.91855501,3.164309832,High School,Noisy
S0938,74.21313111,C,1,90.28643436,91.23893276,94.71259178,101.8260156,1.390440152,78.29308404,56.99431368,7.063219494,2.680826693,95.17223809,4.806742245,5.666594431,Bachelor,Noisy
S0939,50.17582761,D,1,46.47630956,50.02356864,43.51452978,45.56906421,1.667394313,68.56503614,64.25585743,6.813247304,2.451418387,103.1015585,5.736430784,4.233765434,High School,Moderate
S0940,91.48955778,A,1,71.70840615,69.5309743,72.32614463,71.17672114,4.694925584,74.5639755,101.1581597,8.237382334,3.705940279,91.12159482,7.974579841,2.550004843,High School,Quiet
S0941,67.76953354,C,1,55.07303714,57.63856613,64.84382431,60.05094471,4.285885011,73.87943475,87.60274996,7.785460795,1.118581802,84.62300522,7.678731842,1.985201461,Bachelor,Moderate
S0942,77.05007517,C,1,70.47979014,69.18205675,67.95105662,78.99565319,2.416258249,77.69695885,61.50373591,7.154828774,1.398945618,80.8331503,7.186018778,3.082786156,Bachelor,Noisy
S0943,76.64146042,C,1,75.82812136,79.52217376,70.53358342,67.63797607,3.623283069,71.79795953,85.09730065,7.50500746,3.089847718,107.4837434,8.097786512,1,Bachelor,Quiet
S0944,99.42775638,A,1,85.6357992,88.71263662,93.04411622,76.70392188,3.149102695,89.94103826,80.78223918,6.670198823,5.714563557,103.9481937,7.824345102,1.487870603,Master,Noisy
S0945,60.25247058,D,1,51.35316995,46.67597644,61.1661059,48.24299592,3.708497054,73.43281131,87.76278762,6.523868818,4.607558899,41.00598491,9.287949337,1,Master,Noisy
S0946,63.1705682,D,1,40.60477058,46.03468116,40.62324894,43.51845849,3.73068461,64.71381775,90.94943932,7.988113502,1.440632848,106.3728891,7.516098265,2.109511702,High School,Noisy
S0947,67.37361356,C,1,47.52870965,44.84889243,52.58602483,50.01307761,3.51493606,59.9564155,88.33738966,6.017877,5.231590064,67.26617575,8.671608152,1,High School,Noisy
S0948,86.63901966,B,1,89.5010253,93.54131429,96.20840488,94.84988258,2.064405474,83.22044288,71.93790377,6.355089707,4.661503853,52.8327147,5.492242936,3.974213438,High School,Moderate
S0949,79.4697374,C,1,88.06395427,89.90039083,84.3515331,82.06546662,1.156025683,84.75911322,67.53791377,5.778471884,4.054732629,108.2791711,8.069095508,1,High School,Noisy
S0950,73.77761604,C,1,72.85772062,82.048639,70.43119144,61.2770013,2.822267128,72.91030831,70.62782238,5.807585017,5.101464803,68.88223197,9.41316471,1.135535766,Bachelor,Moderate
S0951,88.50894808,B,1,73.02842732,71.91109741,79.18279989,77.3184983,4.563895539,84.97594652,98.16186446,7.997650631,3.020549239,102.7528221,6.314393967,3.603092514,Master,Noisy
S0952,90.98697619,A,1,76.5770171,74.83043312,85.00208849,72.43603574,3.277989034,79.01014091,85.91258216,8.188462738,2.107505254,53.70632508,8.674625124,1,Bachelor,Quiet
S0953,70.10240693,C,1,49.64542032,49.54832229,52.45982463,39.552981,4.329564167,51.30596993,87.09783024,6.964859241,3.560116946,30.35363893,8.348735807,1,Master,Noisy
S0954,92.38627165,A,1,90.29265703,88.77675811,85.89358526,91.01797576,4.966497372,86.84310758,92.15062068,7.70820309,3.744208778,74.59132736,4.357157181,5.979444246,Bachelor,Noisy
S0955,59.5487047,D,1,63.03237887,67.03208838,72.96768443,66.99825731,1.654464817,69.77540245,62.81493753,6.812473199,3.69163186,39.0205431,7.489049858,1.967928196,High School,Quiet
S0956,54.41334033,D,1,61.07261905,52.99106601,58.41776456,60.46233339,3.767110557,70.16167675,84.36339835,6.730684161,3.825368957,97.893836,4.781136095,4.521922445,Master,Quiet
S0957,75.40588664,C,1,68.54047379,63.27206169,66.86478488,66.25123186,3.697174295,72.42714007,90.73884027,6.305197947,5.743524591,54.84676225,9.803915033,1,High School,Noisy
S0958,60.50215666,D,1,42.58312817,37.24411356,44.29481735,41.78631701,4.919821789,65.32679617,96.12552398,6.284170768,5.511228115,69.92810819,8.868445016,1.475152519,Master,Noisy
S0959,58.71489047,D,1,49.14558528,53.89712324,56.91638739,47.29267147,4.942402936,70.17123153,95.14228677,6.278826283,5.378585183,37.83302086,4.658342807,3.905304735,Master,Moderate
S0960,79.5638663,C,1,80.5918489,89.14491577,84.86172879,73.85161334,3.746714447,81.71119026,84.40897579,7.069573837,5.007084055,55.79933236,4.730511986,5.819616495,High School,Quiet
S0961,57.61948538,D,1,44.55392674,44.03168064,46.62825424,40.98052335,1.974459168,60.58040743,75.33775335,6.359925666,5.717140536,100.3341219,7.566843129,1.632863589,High School,Quiet
S0962,78.15719931,C,1,73.17336602,72.3292574,75.48980867,75.77976555,4.194223353,76.37999699,92.0074504,7.90849892,1.492473208,43.64291207,6.069335045,3.912736987,High School,Moderate
S0963,45.59836576,F,0,53.49420103,53.84446185,53.71177438,55.10259374,1.428116537,66.8450986,63.38491024,7.81800537,2.325616307,88.2443605,4.209435154,5.755144705,Bachelor,Noisy
S0964,77.78550988,C,1,61.41125877,67.22065029,64.20195634,62.2515578,4.122797217,66.69347919,90.67794467,7.151508979,3.475279728,112.5683268,7.249849047,2.223084835,Master,Noisy
S0965,64.00789234,D,1,55.87815552,51.24138985,43.23035513,50.90241311,4.640784497,70.833721,102.8681466,5.945062597,5.232672466,91.18530838,6.327070598,2.649269656,Master,Quiet
S0966,59.01658362,D,1,59.56199941,60.75384432,58.07896211,58.65448359,2.531333579,72.08121132,71.56747716,6.265818488,3.525828558,102.991952,4.606458954,5.107854498,Master,Moderate
S0967,84.44705617,B,1,79.54752479,84.42351293,80.75413446,68.66219955,3.52254118,87.47596859,91.80295325,6.652338208,4.740173697,39.80744664,8.811522354,2.813807956,High School,Noisy
S0968,71.19508104,C,1,56.34169436,58.84716521,50.58662394,57.23407768,2.720570928,74.44759608,78.25819078,7.40593199,1.694799526,52.56586434,9.490460592,1,Master,Quiet
S0969,71.75807606,C,1,71.15225522,72.1001633,73.08387181,78.29654376,2.75106022,72.14775302,76.70850529,7.365074995,2.262069065,110.5084967,8.539563604,3.152749415,Master,Noisy
S0970,77.4291022,C,1,66.18277212,71.18800258,65.16041602,58.81211146,2.241483556,77.19287793,84.91933805,6.594308838,4.658880475,94.35950523,8.93453386,1,High School,Noisy
S0971,75.84099638,C,1,76.50191409,62.98575263,85.27929259,73.57227573,4.048518482,73.49619013,85.20698737,8.744685817,1.823670044,87.55984437,5.298943404,4.736428013,High School,Noisy
S0972,92.68745353,A,1,91.52563566,94.91501226,99.39073429,93.17116956,4.744706257,89.24247834,95.67863377,6.50785297,2.756779673,89.73900625,5.581437706,3.331851483,Master,Quiet
S0973,86.4238368,B,1,80.29146535,77.02108693,77.9624375,86.55567852,4.763003437,77.56266168,91.46787817,6.307727478,2.324331289,67.27804989,5.251165242,3.977565342,Bachelor,Moderate
S0974,53.76565884,D,1,51.82172082,42.66855634,51.06753226,49.58059774,1.699125139,60.79459429,71.75356125,7.341395875,2.749308471,34.01009685,8.590380588,1,High School,Moderate
S0975,61.18895591,D,1,41.71507243,44.27108543,41.3453346,38.25382078,4.498974599,62.25776293,103.4356907,6.449302649,4.541620245,100.5997388,9.687502474,1,Bachelor,Noisy
S0976,62.92652357,D,1,54.42452244,61.29281516,52.16622506,44.57990672,3.949725766,53.83942558,97.84687156,7.306263163,2.839235906,91.08419126,8.30102324,1.490058802,Bachelor,Moderate
S0977,68.11374902,C,1,72.72928619,72.04204362,73.70441111,73.24647684,2.011349603,67.60976522,76.23323979,7.159046527,3.776316613,72.55240177,9.288800589,1,Bachelor,Noisy
S0978,51.59316236,D,1,42.82841974,47.59279248,39.0370094,53.03879994,1.269138452,60.52675045,61.70328218,8.192154532,1.499659385,110.9783654,7.832194569,4.018586573,Bachelor,Quiet
S0979,74.02393791,C,1,67.3001436,75.36153489,61.64706692,68.68693591,2.071989068,74.06228063,68.89368579,5.73886055,5.025088466,60.25436985,6.325959403,2.508066411,High School,Quiet
S0980,79.45110858,C,1,72.82635669,79.40092896,75.93991281,72.71496179,4.648832947,74.56658449,88.13248061,6.866808113,2.849443128,56.48895698,6.55456969,3.548120827,Master,Quiet
S0981,58.01919664,D,1,58.38341399,66.58323664,61.53106192,59.99382555,3.5327147,61.2945255,95.50651467,6.941579391,4.242670795,108.5516693,4.451928593,5.795917689,Master,Noisy
S0982,70.23927357,C,1,82.40017121,86.11080866,78.37859241,82.34471119,3.884218644,77.11062639,91.18707683,6.997147395,4.626948008,101.7288889,4.188743171,4.74093628,High School,Moderate
S0983,43.98293797,F,0,45.86290392,46.24007212,50.33968108,41.79783206,2.028609404,64.8874986,67.82630952,8.482233392,2.048304611,76.34818296,8.172853625,2.51397387,High School,Quiet
S0984,58.57748065,D,1,44.132578,36.12274894,40.97468935,48.24897757,3.877552622,64.97519785,95.41581067,6.850839508,5.423374925,41.76612655,6.630573352,2.971099635,Bachelor,Noisy
S0985,66.24064496,C,1,80.05038159,78.82006915,81.31620778,81.17918921,1.112486025,79.94407521,56.26103767,6.747269325,4.081121258,49.35643243,7.313290408,1,Bachelor,Moderate
S0986,64.91402683,D,1,67.25202239,63.03578941,71.35374245,67.34008865,2.501285383,79.4101801,77.045964,6.611694411,3.143625709,89.06051914,7.345967486,3.313882126,High School,Moderate
S0987,83.5276128,B,1,77.8621318,88.71684539,77.69406898,72.98530167,3.507013394,80.91805102,84.20698827,7.144352298,1.911675918,64.65371141,5.66425488,3.218804236,Master,Moderate
S0988,64.90481759,D,1,63.91550362,63.03607456,66.18920818,70.43304328,1.584386262,68.22047354,69.03724832,5.990197182,5.71150469,105.2825872,6.855355065,2.096869989,Bachelor,Noisy
S0989,65.38489418,C,1,53.55211183,54.16813586,50.96996361,56.87562555,4.292014298,65.37354565,92.60227528,6.895014508,4.775341021,115.4959508,6.82456133,3.863340753,High School,Noisy
S0990,79.38231253,C,1,85.05062747,87.80805435,84.06829455,82.28602329,1.940125195,75.51098295,62.1466125,7.516461879,2.040122814,102.5073233,6.330563327,3.32227519,High School,Noisy
S0991,89.38881482,B,1,83.96787334,84.18588558,82.93857619,88.97699761,3.609124451,81.44324172,86.46912638,6.531609052,2.688553874,63.97908807,8.9240523,1.99371985,High School,Quiet
S0992,71.69291941,C,1,78.2083059,86.6835611,74.47541416,75.72045171,2.62078857,84.66465604,81.45220641,6.267537878,5.04837129,100.9817786,6.706984022,4.503182073,Bachelor,Noisy
S0993,61.33346084,D,1,54.96798255,51.85473574,54.08411173,51.05796509,3.384174382,70.9104417,83.69566179,7.095257282,4.478388316,61.62975061,7.621867147,1.733204393,High School,Quiet
S0994,71.69366793,C,1,72.46268668,73.43572395,64.71959518,68.66417109,1.429802211,83.24138997,68.17359771,6.727154738,4.828921464,45.0390079,9.373120722,1.420141774,Master,Quiet
S0995,51.60259958,D,1,59.85356433,56.1412114,57.3977956,50.99822157,1.0676512,68.41235595,55.44886457,7.322520655,3.206005511,33.00538844,9.197401737,1,High School,Quiet
S0996,59.2063132,D,1,45.03701403,38.43690148,43.61263657,47.39472594,4.63825771,69.24900599,96.25127313,6.816746461,4.582381313,64.71450415,9.342533223,2.890582694,Bachelor,Noisy
S0997,79.12255113,C,1,90.45224665,87.3934012,89.17134789,81.29652226,2.078520035,84.25960219,67.66264808,7.933474783,2.932468614,111.3203373,5.620029979,3.687013017,Master,Quiet
S0998,50.60125726,D,1,47.5250247,47.33984072,46.31753747,41.38280554,4.278708011,71.12043776,96.52198431,7.501127157,2.056314585,51.5087929,4.20989493,6.816192511,Master,Noisy
S0999,89.25307064,B,1,92.26305446,90.11654334,91.95423346,81.88511441,4.997401202,86.02224349,100.1314698,6.557973049,4.163385174,48.58618484,5.566400799,5.277389227,High School,Noisy
S1000,64.35033772,D,1,64.53031751,61.06821261,66.9275251,64.09996905,1.845725032,75.80131563,71.9076187,5.778101591,5.880069628,117.2838707,5.672244074,4.643843748,High School,Quiet
